Coin name,Date,Open,High,Low,Close,Volume,Currency
Algorand,21/06/2019,3.278667927,3.280179024,2.391997099,3.201411963,133488812,USD
Algorand,22/06/2019,3.153618097,3.155807018,1.876099944,2.158967018,223603358,USD
Algorand,23/06/2019,2.160109997,2.201108932,1.776865005,1.890702009,177290665,USD
Algorand,24/06/2019,1.890702009,1.984107971,1.30232203,1.383728027,184117575,USD
Algorand,25/06/2019,1.374856949,1.825113058,1.314638019,1.537289977,277665414,USD
Algorand,26/06/2019,1.537289977,1.841768026,1.493111968,1.583981991,169915841,USD
Algorand,27/06/2019,1.583981991,1.585713983,1.336107016,1.390326977,117242289,USD
Algorand,28/06/2019,1.393821955,1.556159019,1.358332038,1.448760033,121576369,USD
Algorand,29/06/2019,1.450981975,1.513249993,1.401983976,1.49969399,109982117,USD
Algorand,30/06/2019,1.497390032,1.575768948,1.384706974,1.434782028,119391276,USD
Algorand,01/07/2019,1.434782028,1.457872033,1.248067975,1.347234964,114335020,USD
Algorand,02/07/2019,1.340783,1.352820039,1.036656022,1.136487961,128459505,USD
Algorand,03/07/2019,1.135902047,1.187448978,1.078673959,1.115417957,112712391,USD
Algorand,04/07/2019,1.112089992,1.143769979,0.988404989,1.009955049,96454283,USD
Algorand,05/07/2019,1.009680986,1.174003005,0.986284971,1.126152992,103703180,USD
Algorand,06/07/2019,1.127560973,1.129595041,1.024808049,1.027147055,64939220,USD
Algorand,07/07/2019,1.028596997,1.103603005,1.026535988,1.067867041,51623447,USD
Algorand,08/07/2019,1.066774964,1.067880988,1.033743978,1.052775025,43616506,USD
Algorand,09/07/2019,1.053356051,1.082864046,1.024126053,1.045145035,94263135,USD
Algorand,10/07/2019,1.042788029,1.080865026,0.951053023,1.029993057,146338478,USD
Algorand,11/07/2019,1.030176997,1.036362052,0.841158986,0.86183399,153148499,USD
Algorand,12/07/2019,0.855557978,0.940587997,0.803384006,0.890457988,140797532,USD
Algorand,13/07/2019,0.891660988,1.022727013,0.875539005,0.93620199,132744655,USD
Algorand,14/07/2019,0.934619009,1.019178033,0.823949993,0.823949993,119707605,USD
Algorand,15/07/2019,0.823800981,0.841695011,0.745223999,0.808504999,117943656,USD
Algorand,16/07/2019,0.808025002,0.816774011,0.63202101,0.644632995,90581456,USD
Algorand,17/07/2019,0.642938018,0.735382974,0.612628996,0.673160017,109865275,USD
Algorand,18/07/2019,0.674591005,0.70263499,0.647315979,0.695855021,99086040,USD
Algorand,19/07/2019,0.695855021,0.695855021,0.652915001,0.672025979,91624752,USD
Algorand,20/07/2019,0.67246002,0.74921,0.664749026,0.710694015,112340171,USD
Algorand,21/07/2019,0.710694015,0.713256001,0.661993027,0.695447028,104231794,USD
Algorand,22/07/2019,0.695558012,0.701007009,0.635236025,0.641348004,77239612,USD
Algorand,23/07/2019,0.641137004,0.642976999,0.572216988,0.581043005,78080034,USD
Algorand,24/07/2019,0.581043005,0.61077702,0.557196021,0.604915023,77190533,USD
Algorand,25/07/2019,0.604849994,0.611931026,0.587000012,0.609736979,55944618,USD
Algorand,26/07/2019,0.60995698,0.708414972,0.595687985,0.656126022,89508445,USD
Algorand,27/07/2019,0.655416012,0.666553974,0.578963995,0.580434978,64830897,USD
Algorand,28/07/2019,0.580434978,0.595830977,0.560176015,0.574872017,54003797,USD
Algorand,29/07/2019,0.575519979,0.589788973,0.559472978,0.572797,61012725,USD
Algorand,30/07/2019,0.572960973,0.586239994,0.560770988,0.568552017,62095437,USD
Algorand,31/07/2019,0.569139004,0.57713598,0.563499987,0.567098022,60419029,USD
Algorand,01/08/2019,0.568059981,0.568943024,0.514144003,0.557738006,50093763,USD
Algorand,02/08/2019,0.558125019,0.882909,0.557929993,0.801607013,284046277,USD
Algorand,03/08/2019,0.80251199,0.857626021,0.744121015,0.745467007,107927951,USD
Algorand,04/08/2019,0.74575299,0.763879001,0.69729197,0.706384003,73139185,USD
Algorand,05/08/2019,0.707270026,0.803463995,0.680481017,0.794086993,100663102,USD
Algorand,06/08/2019,0.793169022,0.80102998,0.693062007,0.703361988,83242834,USD
Algorand,07/08/2019,0.700724006,0.722133994,0.684476972,0.69233799,69558222,USD
Algorand,08/08/2019,0.69233799,0.771192014,0.660569012,0.726801991,87885109,USD
Algorand,09/08/2019,0.72736901,0.813974023,0.700487971,0.80428201,109884210,USD
Algorand,10/08/2019,0.80428201,0.858527005,0.764563024,0.816905022,98322273,USD
Algorand,11/08/2019,0.816275001,0.877914011,0.815612018,0.822987974,84979681,USD
Algorand,12/08/2019,0.822097003,0.822713017,0.773858011,0.802670002,68002927,USD
Algorand,13/08/2019,0.802457988,0.83623898,0.784094989,0.802806973,66235494,USD
Algorand,14/08/2019,0.802636981,0.847316027,0.715040982,0.715040982,74788787,USD
Algorand,15/08/2019,0.715040982,0.773725986,0.663838983,0.709333003,75226005,USD
Algorand,16/08/2019,0.70785898,0.732154012,0.679867983,0.682015002,62691881,USD
Algorand,17/08/2019,0.682878017,0.712378979,0.674979985,0.684243977,57380881,USD
Algorand,18/08/2019,0.683677018,0.697735012,0.666764021,0.677905023,55153057,USD
Algorand,19/08/2019,0.676068008,0.682403028,0.655589998,0.660957992,61643720,USD
Algorand,20/08/2019,0.660283029,0.660283029,0.607994974,0.62558198,64980440,USD
Algorand,21/08/2019,0.627731979,0.630396008,0.558898985,0.567143977,65334103,USD
Algorand,22/08/2019,0.567649007,0.587441981,0.530718029,0.57307601,57806938,USD
Algorand,23/08/2019,0.57307601,0.581882,0.551331997,0.561043024,52556814,USD
Algorand,24/08/2019,0.560401022,0.577297986,0.549151003,0.577247977,59964968,USD
Algorand,25/08/2019,0.577247977,0.587671995,0.534690022,0.544182003,42184816,USD
Algorand,26/08/2019,0.544866025,0.558404028,0.520748019,0.521188974,47745079,USD
Algorand,27/08/2019,0.520856023,0.549076021,0.510801017,0.520805001,47432939,USD
Algorand,28/08/2019,0.521103978,0.537598014,0.432669997,0.43276599,58911636,USD
Algorand,29/08/2019,0.438735992,0.444655001,0.394793987,0.401464999,39371673,USD
Algorand,30/08/2019,0.401464999,0.430790991,0.399150997,0.423519999,60601525,USD
Algorand,31/08/2019,0.419402987,0.433302999,0.399742007,0.412378013,32449740,USD
Algorand,01/09/2019,0.414155006,0.420697004,0.381678998,0.392044008,52338685,USD
Algorand,02/09/2019,0.393292993,0.39390099,0.374181002,0.392022997,56533885,USD
Algorand,03/09/2019,0.393391013,0.404677987,0.36688,0.370481014,57922334,USD
Algorand,04/09/2019,0.369439989,0.371378988,0.345892996,0.349776,45132597,USD
Algorand,05/09/2019,0.350304008,0.395384997,0.339244992,0.389643997,60530608,USD
Algorand,06/09/2019,0.389643997,0.420183986,0.343506992,0.347292006,67226621,USD
Algorand,07/09/2019,0.346940011,0.388888001,0.341268003,0.371275008,60388970,USD
Algorand,08/09/2019,0.371275008,0.385740995,0.356761009,0.385055989,51110858,USD
Algorand,09/09/2019,0.385055989,0.392008007,0.353563994,0.368633002,54595091,USD
Algorand,10/09/2019,0.368797004,0.395945996,0.362773001,0.366218001,54766675,USD
Algorand,11/09/2019,0.365525991,0.372687012,0.344621986,0.350226998,50886261,USD
Algorand,12/09/2019,0.348973006,0.351577997,0.308470994,0.31961599,51789980,USD
Algorand,13/09/2019,0.318910986,0.345277995,0.312647015,0.318428993,48225662,USD
Algorand,14/09/2019,0.319171011,0.326386005,0.311087996,0.321826011,45639521,USD
Algorand,15/09/2019,0.322153986,0.341432005,0.319056988,0.330101997,52252159,USD
Algorand,16/09/2019,0.330146998,0.339403987,0.315485001,0.321943015,45960043,USD
Algorand,17/09/2019,0.321292996,0.333451003,0.311821014,0.322028995,51995583,USD
Algorand,18/09/2019,0.321341991,0.354454011,0.316738009,0.339055002,63274107,USD
Algorand,19/09/2019,0.336616993,0.339221001,0.312963992,0.322373003,43456013,USD
Algorand,20/09/2019,0.323074996,0.330448002,0.315432012,0.321350008,40369809,USD
Algorand,21/09/2019,0.321045995,0.327033013,0.31416899,0.317157,48926758,USD
Algorand,22/09/2019,0.317717999,0.323291987,0.297161013,0.301099986,49507356,USD
Algorand,23/09/2019,0.30181399,0.301948994,0.267562985,0.267562985,45784300,USD
Algorand,24/09/2019,0.269535005,0.283311993,0.188956007,0.193541005,50165388,USD
Algorand,25/09/2019,0.194536999,0.215380996,0.193775997,0.204924002,38941160,USD
Algorand,26/09/2019,0.203900993,0.205002993,0.171572,0.190369993,49563434,USD
Algorand,27/09/2019,0.190503001,0.198134005,0.178848997,0.191485003,41059414,USD
Algorand,28/09/2019,0.191140994,0.208818004,0.188969001,0.204117998,35505764,USD
Algorand,29/09/2019,0.204367995,0.242680997,0.198581994,0.226822004,63293757,USD
Algorand,30/09/2019,0.226822004,0.25770399,0.215853006,0.249652997,57957634,USD
Algorand,01/10/2019,0.251064986,0.266497999,0.229572996,0.234435007,54047913,USD
Algorand,02/10/2019,0.234435007,0.242425993,0.222295001,0.233527005,46753237,USD
Algorand,03/10/2019,0.232616007,0.240979001,0.223617002,0.230502993,39746753,USD
Algorand,04/10/2019,0.230691001,0.236479998,0.224926993,0.230509996,39072129,USD
Algorand,05/10/2019,0.230509996,0.234840006,0.220335007,0.224539995,36662393,USD
Algorand,06/10/2019,0.223566994,0.226965994,0.213161007,0.215211004,41375227,USD
Algorand,07/10/2019,0.214800999,0.225181997,0.208761007,0.219839007,49251945,USD
Algorand,08/10/2019,0.219657004,0.233692005,0.216036007,0.233692005,52663244,USD
Algorand,09/10/2019,0.233563006,0.243646994,0.228435993,0.240245,59881851,USD
Algorand,10/10/2019,0.240355998,0.267663002,0.232544005,0.255470991,71847676,USD
Algorand,11/10/2019,0.254222989,0.276968002,0.253901005,0.255221009,72716614,USD
Algorand,12/10/2019,0.255221009,0.262062013,0.246353999,0.258006006,63681446,USD
Algorand,13/10/2019,0.258415997,0.268963993,0.247692004,0.251536012,63666806,USD
Algorand,14/10/2019,0.251536012,0.268626988,0.247797996,0.267856002,58972242,USD
Algorand,15/10/2019,0.267581999,0.273766994,0.246956006,0.248558,93405592,USD
Algorand,16/10/2019,0.248558,0.249377996,0.226677999,0.228661999,101398604,USD
Algorand,17/10/2019,0.230632007,0.240424007,0.228690997,0.239405006,102887739,USD
Algorand,18/10/2019,0.239405006,0.240976006,0.220254004,0.227178007,103673526,USD
Algorand,19/10/2019,0.226148993,0.230036005,0.223667994,0.224819005,101559487,USD
Algorand,20/10/2019,0.224823996,0.226953998,0.213955998,0.223964006,103428939,USD
Algorand,21/10/2019,0.225330994,0.231187001,0.223618999,0.229571998,101976201,USD
Algorand,22/10/2019,0.228135005,0.230201006,0.221223995,0.224372998,100693564,USD
Algorand,23/10/2019,0.223380998,0.226647004,0.200084001,0.202086002,42468690,USD
Algorand,24/10/2019,0.203483,0.209217995,0.201286003,0.203907996,79044876,USD
Algorand,25/10/2019,0.203907996,0.217965007,0.201326996,0.213100001,94789175,USD
Algorand,26/10/2019,0.213626996,0.236137003,0.211159006,0.216061994,106291033,USD
Algorand,27/10/2019,0.216061994,0.232347995,0.208902001,0.218713999,108681817,USD
Algorand,28/10/2019,0.218626007,0.239487007,0.217400998,0.232732996,111314851,USD
Algorand,29/10/2019,0.232732996,0.236434996,0.224733993,0.231964007,110758098,USD
Algorand,30/10/2019,0.232446,0.233021006,0.207545996,0.215561002,48416058,USD
Algorand,31/10/2019,0.216154993,0.222995996,0.209959999,0.222128004,103217930,USD
Algorand,01/11/2019,0.222510993,0.265565008,0.218393996,0.262008011,129875635,USD
Algorand,02/11/2019,0.259822011,0.279428989,0.255277008,0.260560006,139835316,USD
Algorand,03/11/2019,0.261056989,0.269612998,0.245704994,0.266930997,123088158,USD
Algorand,04/11/2019,0.266602993,0.270258993,0.256116003,0.258805007,122831728,USD
Algorand,05/11/2019,0.258805007,0.294418991,0.248321995,0.288673013,135073487,USD
Algorand,06/11/2019,0.288417995,0.30309999,0.282979995,0.287842005,135433269,USD
Algorand,07/11/2019,0.287732989,0.288311005,0.267046005,0.272504002,122412579,USD
Algorand,08/11/2019,0.272632986,0.27798301,0.248796001,0.256503999,119448562,USD
Algorand,09/11/2019,0.256503999,0.262134999,0.252694994,0.259088993,109359112,USD
Algorand,10/11/2019,0.259532005,0.272733986,0.257369012,0.269813001,114838063,USD
Algorand,11/11/2019,0.269813001,0.286193997,0.258892,0.279879987,125805632,USD
Algorand,12/11/2019,0.280696988,0.284633994,0.263550013,0.273553997,118822818,USD
Algorand,13/11/2019,0.272670001,0.297325999,0.271266997,0.286881,110070634,USD
Algorand,14/11/2019,0.290351003,0.293388993,0.279751003,0.281491011,119857507,USD
Algorand,15/11/2019,0.281491011,0.285721004,0.265558988,0.270873994,117140025,USD
Algorand,16/11/2019,0.271411002,0.277556986,0.265762001,0.270112991,110695338,USD
Algorand,17/11/2019,0.270112991,0.279112011,0.268739998,0.271640986,107838849,USD
Algorand,18/11/2019,0.271681011,0.27768901,0.252241999,0.255986989,109620690,USD
Algorand,19/11/2019,0.257744014,0.262107015,0.237505004,0.246841997,105684882,USD
Algorand,20/11/2019,0.246841997,0.25336501,0.239866003,0.249791995,104577457,USD
Algorand,21/11/2019,0.249791995,0.255470008,0.233402997,0.241304994,103547880,USD
Algorand,22/11/2019,0.241304994,0.249256998,0.206646994,0.220356002,108075233,USD
Algorand,23/11/2019,0.220292002,0.229108006,0.211014003,0.227138996,102274919,USD
Algorand,24/11/2019,0.226732001,0.229110003,0.207601994,0.211774006,94349402,USD
Algorand,25/11/2019,0.211774006,0.213753998,0.190732002,0.207886994,94920511,USD
Algorand,26/11/2019,0.207817003,0.222867996,0.204650998,0.221621007,97895155,USD
Algorand,27/11/2019,0.216762006,0.233925998,0.214361995,0.225622997,105633208,USD
Algorand,28/11/2019,0.225885004,0.313463986,0.221459001,0.287681013,80117874,USD
Algorand,29/11/2019,0.287223011,0.299351007,0.273095012,0.276538998,135836394,USD
Algorand,30/11/2019,0.280963987,0.288635999,0.264717013,0.268963009,124152762,USD
Algorand,01/12/2019,0.268366009,0.272195995,0.247693002,0.263036013,103782001,USD
Algorand,02/12/2019,0.266027004,0.282018006,0.260239005,0.274679005,125518892,USD
Algorand,03/12/2019,0.274679005,0.290513009,0.272574008,0.284072995,123437259,USD
Algorand,04/12/2019,0.283203989,0.29123199,0.26751399,0.271369994,123356733,USD
Algorand,05/12/2019,0.270644009,0.274067014,0.256357014,0.266315013,105942315,USD
Algorand,06/12/2019,0.267177999,0.273761988,0.258857012,0.265688002,104939728,USD
Algorand,07/12/2019,0.26790601,0.278122008,0.26275,0.274426013,110285523,USD
Algorand,08/12/2019,0.274426013,0.30279699,0.274426013,0.293998986,132699876,USD
Algorand,09/12/2019,0.293998986,0.333492994,0.292495012,0.298058987,153444332,USD
Algorand,10/12/2019,0.29717201,0.297594994,0.268344998,0.275121003,135244323,USD
Algorand,11/12/2019,0.27502501,0.293969005,0.274410993,0.284875989,95317194,USD
Algorand,12/12/2019,0.285937995,0.287862986,0.271284997,0.276600003,79427507,USD
Algorand,13/12/2019,0.277072012,0.277559996,0.270583004,0.273654997,66629627,USD
Algorand,14/12/2019,0.273057014,0.275036007,0.252826005,0.255371988,66643290,USD
Algorand,15/12/2019,0.255993992,0.267084002,0.252761006,0.266728997,62080771,USD
Algorand,16/12/2019,0.266728997,0.267951012,0.245106995,0.245328993,70448705,USD
Algorand,17/12/2019,0.245328993,0.246931002,0.21886,0.220191002,59909525,USD
Algorand,18/12/2019,0.219730005,0.246790007,0.218934,0.245778993,64867877,USD
Algorand,19/12/2019,0.246731997,0.247482002,0.228970006,0.231194004,61037260,USD
Algorand,20/12/2019,0.231194004,0.244645998,0.225215003,0.240630999,80216197,USD
Algorand,21/12/2019,0.240803003,0.241609007,0.232535005,0.240987003,64725918,USD
Algorand,22/12/2019,0.240991995,0.253724992,0.239775002,0.249273002,72054881,USD
Algorand,23/12/2019,0.249307007,0.251571,0.238783002,0.240793005,65563690,USD
Algorand,24/12/2019,0.240836993,0.241490006,0.233601004,0.234055996,49696272,USD
Algorand,25/12/2019,0.234055996,0.234366998,0.228211999,0.229873002,40346130,USD
Algorand,26/12/2019,0.229873002,0.241014004,0.229712993,0.238971993,41835472,USD
Algorand,27/12/2019,0.239022002,0.239022002,0.225250006,0.230055004,41088332,USD
Algorand,28/12/2019,0.230195001,0.237509996,0.229467005,0.233757004,35448160,USD
Algorand,29/12/2019,0.233677,0.237507001,0.232008994,0.233668,40574922,USD
Algorand,30/12/2019,0.233604997,0.235819995,0.226566002,0.226745993,39453426,USD
Algorand,31/12/2019,0.226808995,0.229010999,0.215458006,0.217529997,38809044,USD
Algorand,01/01/2020,0.217529997,0.223514006,0.216263995,0.219937995,37144510,USD
Algorand,02/01/2020,0.220415995,0.220779002,0.211894006,0.213517994,37545058,USD
Algorand,03/01/2020,0.214286998,0.230026007,0.214044005,0.228098005,44675624,USD
Algorand,04/01/2020,0.228588998,0.236381993,0.225690007,0.236381993,40304265,USD
Algorand,05/01/2020,0.235911995,0.239903003,0.230910003,0.231656998,40157155,USD
Algorand,06/01/2020,0.231255993,0.244296998,0.230826005,0.242145002,43263431,USD
Algorand,07/01/2020,0.242145002,0.243708,0.229322001,0.230930001,42565095,USD
Algorand,08/01/2020,0.230930001,0.236171007,0.226756006,0.229909003,37068981,USD
Algorand,09/01/2020,0.229824007,0.230194002,0.222617999,0.224519998,38074471,USD
Algorand,10/01/2020,0.223932996,0.229473993,0.220353007,0.226329997,37994493,USD
Algorand,11/01/2020,0.226151004,0.230363995,0.224307001,0.227080002,39678246,USD
Algorand,12/01/2020,0.226797998,0.232915998,0.225767002,0.227305993,38982886,USD
Algorand,13/01/2020,0.227119997,0.232503995,0.225434005,0.228444993,36991866,USD
Algorand,14/01/2020,0.228345007,0.236010998,0.224777997,0.230720997,39964726,USD
Algorand,15/01/2020,0.230675995,0.257137001,0.226723999,0.246617004,55493957,USD
Algorand,16/01/2020,0.246786997,0.250586003,0.232635006,0.240509003,44406329,USD
Algorand,17/01/2020,0.240623996,0.266734004,0.240161002,0.262484014,52840838,USD
Algorand,18/01/2020,0.262490988,0.266768008,0.247494996,0.26028201,51155200,USD
Algorand,19/01/2020,0.260080993,0.260228992,0.235072002,0.240021005,45351952,USD
Algorand,20/01/2020,0.240021005,0.242211998,0.233790994,0.237858996,40446803,USD
Algorand,21/01/2020,0.237717003,0.254658014,0.236773998,0.249354005,47042882,USD
Algorand,22/01/2020,0.249620005,0.249919996,0.244126007,0.246740997,43873414,USD
Algorand,23/01/2020,0.246715993,0.247167006,0.233417004,0.234688997,40494979,USD
Algorand,24/01/2020,0.234917,0.240300998,0.231119007,0.232218996,43114097,USD
Algorand,25/01/2020,0.232777998,0.237097993,0.230149999,0.234989002,38944441,USD
Algorand,26/01/2020,0.234852001,0.238252997,0.233974993,0.237780005,39915930,USD
Algorand,27/01/2020,0.237724006,0.242755994,0.237519994,0.240413994,40625478,USD
Algorand,28/01/2020,0.240563005,0.245376006,0.239482,0.244277999,44353446,USD
Algorand,29/01/2020,0.244394004,0.244802997,0.239695996,0.241399005,45625560,USD
Algorand,30/01/2020,0.241281003,0.245192006,0.238202006,0.242195994,41454623,USD
Algorand,31/01/2020,0.242285997,0.260661006,0.241350994,0.248145998,58427020,USD
Algorand,01/02/2020,0.247560993,0.251412988,0.244503006,0.249199003,48277465,USD
Algorand,02/02/2020,0.249263003,0.258776993,0.243016005,0.253410995,45355590,USD
Algorand,03/02/2020,0.253410995,0.264845014,0.249108002,0.262930989,54451797,USD
Algorand,04/02/2020,0.26284501,0.286839992,0.259705007,0.28146401,76448848,USD
Algorand,05/02/2020,0.281554997,0.282240003,0.265962988,0.275981992,65491076,USD
Algorand,06/02/2020,0.276084006,0.291189998,0.273310006,0.286727011,64810910,USD
Algorand,07/02/2020,0.287030995,0.320504993,0.281940013,0.312774986,77850662,USD
Algorand,08/02/2020,0.312963992,0.318715006,0.294869989,0.307449996,74107627,USD
Algorand,09/02/2020,0.307357013,0.347303003,0.305449009,0.341116011,98891527,USD
Algorand,10/02/2020,0.341345012,0.372061998,0.312272012,0.359854996,119696511,USD
Algorand,11/02/2020,0.359405994,0.377642006,0.344758004,0.369221985,92659982,USD
Algorand,12/02/2020,0.369475991,0.411168009,0.36541599,0.389488012,104098908,USD
Algorand,13/02/2020,0.389488012,0.403522015,0.347811013,0.347811013,99845339,USD
Algorand,14/02/2020,0.348515987,0.382084996,0.344680011,0.366847008,91550466,USD
Algorand,15/02/2020,0.366847008,0.388823003,0.332073987,0.334362,92999232,USD
Algorand,16/02/2020,0.334969997,0.349702001,0.299214005,0.341850013,84144118,USD
Algorand,17/02/2020,0.342907995,0.342907995,0.294463992,0.328799009,96002052,USD
Algorand,18/02/2020,0.328682005,0.353347987,0.309825003,0.348854005,83206321,USD
Algorand,19/02/2020,0.349213988,0.391368985,0.338180006,0.35047999,79241677,USD
Algorand,20/02/2020,0.349180013,0.447746009,0.339136004,0.43721199,196059544,USD
Algorand,21/02/2020,0.435965002,0.479793996,0.413381994,0.419883013,179085806,USD
Algorand,22/02/2020,0.419122994,0.464780003,0.414947003,0.449683011,161184312,USD
Algorand,23/02/2020,0.449818999,0.465355009,0.426851004,0.460819006,128297734,USD
Algorand,24/02/2020,0.461025,0.499639004,0.436035007,0.493310004,213442024,USD
Algorand,25/02/2020,0.492408991,0.492938012,0.380611986,0.394389987,173413334,USD
Algorand,26/02/2020,0.394048989,0.404110998,0.344442993,0.368202001,151265199,USD
Algorand,27/02/2020,0.367642999,0.390612006,0.34235099,0.374523997,128242670,USD
Algorand,28/02/2020,0.374749988,0.383978993,0.338849992,0.348358989,115075595,USD
Algorand,29/02/2020,0.348405987,0.368954986,0.333727002,0.33407101,99127697,USD
Algorand,01/03/2020,0.333299994,0.345517009,0.310377002,0.319689006,95389369,USD
Algorand,02/03/2020,0.319875985,0.386653006,0.312916994,0.373439014,126753611,USD
Algorand,03/03/2020,0.373712987,0.386155009,0.356835008,0.370510995,121564194,USD
Algorand,04/03/2020,0.370442986,0.409694999,0.36796999,0.392948002,137438963,USD
Algorand,05/03/2020,0.393155009,0.408259988,0.378412008,0.380158007,110467391,USD
Algorand,06/03/2020,0.380169988,0.385194004,0.365707994,0.374040991,98321454,USD
Algorand,07/03/2020,0.374426007,0.381994992,0.339100003,0.339239001,93335259,USD
Algorand,08/03/2020,0.339239001,0.340573996,0.293345988,0.293345988,94191412,USD
Algorand,09/03/2020,0.293758005,0.298220009,0.252985001,0.27422601,108111068,USD
Algorand,10/03/2020,0.275977999,0.296997011,0.271858007,0.283475995,96182444,USD
Algorand,11/03/2020,0.283499002,0.288459003,0.252321005,0.270179987,75489332,USD
Algorand,12/03/2020,0.270563006,0.271079987,0.141018003,0.141018003,80508765,USD
Algorand,13/03/2020,0.140995994,0.173008993,0.102403,0.151318997,96761512,USD
Algorand,14/03/2020,0.151768997,0.166501001,0.144990996,0.147685006,71534047,USD
Algorand,15/03/2020,0.147685006,0.159388006,0.145009995,0.148305997,65236146,USD
Algorand,16/03/2020,0.149515003,0.150114,0.118228003,0.126470998,62118722,USD
Algorand,17/03/2020,0.126330003,0.139973998,0.125257999,0.136901006,58174227,USD
Algorand,18/03/2020,0.135728002,0.140030995,0.129675001,0.136103004,57511093,USD
Algorand,19/03/2020,0.136103004,0.169127002,0.136103004,0.159009993,81789362,USD
Algorand,20/03/2020,0.158572003,0.183570996,0.149103999,0.157015994,79621990,USD
Algorand,21/03/2020,0.157015994,0.162341997,0.145787999,0.153251007,57755100,USD
Algorand,22/03/2020,0.153072,0.165214002,0.145754993,0.147240996,69375466,USD
Algorand,23/03/2020,0.147240996,0.160155997,0.144453004,0.158856004,59888502,USD
Algorand,24/03/2020,0.158784002,0.162694007,0.153384998,0.159512997,51348793,USD
Algorand,25/03/2020,0.159639001,0.160660997,0.151504993,0.153346002,53328323,USD
Algorand,26/03/2020,0.153346002,0.15918,0.151524007,0.158888996,54441140,USD
Algorand,27/03/2020,0.158867002,0.165647,0.157269999,0.157735005,67581402,USD
Algorand,28/03/2020,0.157197997,0.157197997,0.145861,0.149564996,49928135,USD
Algorand,29/03/2020,0.149517998,0.151182994,0.143648997,0.144228995,46495007,USD
Algorand,30/03/2020,0.144580007,0.155889004,0.143252,0.155357003,41837656,USD
Algorand,31/03/2020,0.155188993,0.157319993,0.152386993,0.154653996,55109430,USD
Algorand,01/04/2020,0.154653996,0.155746996,0.148849994,0.154633,54771424,USD
Algorand,02/04/2020,0.154920995,0.162593007,0.153254002,0.158265993,54655996,USD
Algorand,03/04/2020,0.158212006,0.161850005,0.155699,0.158818007,66902988,USD
Algorand,04/04/2020,0.158628002,0.177876994,0.158628002,0.177876994,79263376,USD
Algorand,05/04/2020,0.179340005,0.184034005,0.167702004,0.171200007,85592965,USD
Algorand,06/04/2020,0.171480998,0.186931998,0.169695005,0.185905993,71154137,USD
Algorand,07/04/2020,0.186160997,0.198744997,0.183970004,0.185241997,75472243,USD
Algorand,08/04/2020,0.184882998,0.204265997,0.184490994,0.203675002,73383030,USD
Algorand,09/04/2020,0.203054994,0.208906993,0.195396006,0.201572001,84237451,USD
Algorand,10/04/2020,0.202055007,0.202055007,0.172316998,0.179149002,84065535,USD
Algorand,11/04/2020,0.179149002,0.185359001,0.174419001,0.178330004,64134763,USD
Algorand,12/04/2020,0.178404003,0.186177999,0.175072998,0.180632994,77523165,USD
Algorand,13/04/2020,0.180396006,0.180396006,0.170065999,0.175282001,75958371,USD
Algorand,14/04/2020,0.175282001,0.181862995,0.172628999,0.177461997,73021132,USD
Algorand,15/04/2020,0.177431002,0.183342993,0.168904006,0.169146001,74008729,USD
Algorand,16/04/2020,0.169441998,0.188104004,0.165905997,0.185335994,78143001,USD
Algorand,17/04/2020,0.185578004,0.192653,0.184369996,0.189179003,66840388,USD
Algorand,18/04/2020,0.189179003,0.200595006,0.189179003,0.199334994,64241406,USD
Algorand,19/04/2020,0.199143007,0.200187996,0.189141005,0.189496994,63204436,USD
Algorand,20/04/2020,0.189496994,0.194544002,0.176276997,0.177980006,58448787,USD
Algorand,21/04/2020,0.177918002,0.181283996,0.175742,0.178957,49135039,USD
Algorand,22/04/2020,0.179196998,0.188691005,0.177071005,0.187228993,45455957,USD
Algorand,23/04/2020,0.186825007,0.196463004,0.182605997,0.193977997,50456386,USD
Algorand,24/04/2020,0.194409996,0.214788005,0.194027007,0.210519001,69664599,USD
Algorand,25/04/2020,0.210353002,0.222351,0.205130994,0.212437004,62443712,USD
Algorand,26/04/2020,0.212657005,0.233465999,0.212299004,0.225204006,76681404,USD
Algorand,27/04/2020,0.225102007,0.226584002,0.208803996,0.216837004,60508832,USD
Algorand,28/04/2020,0.217978999,0.223838001,0.211208999,0.217326,45364573,USD
Algorand,29/04/2020,0.217467993,0.232219994,0.215390995,0.230451003,70164558,USD
Algorand,30/04/2020,0.230957001,0.232163996,0.204105005,0.210903004,84265320,USD
Algorand,01/05/2020,0.210903004,0.222874001,0.210398003,0.214678004,56237918,USD
Algorand,02/05/2020,0.214897007,0.221962005,0.213928998,0.219138995,53818143,USD
Algorand,03/05/2020,0.218775004,0.222422004,0.203761995,0.207291007,78042152,USD
Algorand,04/05/2020,0.207242996,0.211504996,0.191782996,0.206919,64924300,USD
Algorand,05/05/2020,0.206726998,0.211474001,0.203003004,0.209940001,71182196,USD
Algorand,06/05/2020,0.209979996,0.211971998,0.200154006,0.200154006,60724610,USD
Algorand,07/05/2020,0.200154006,0.206159994,0.195065007,0.203326002,60485706,USD
Algorand,08/05/2020,0.203326002,0.222782999,0.200637996,0.217495993,67456129,USD
Algorand,09/05/2020,0.217989996,0.224574998,0.211492002,0.215369999,58914201,USD
Algorand,10/05/2020,0.215514004,0.215514004,0.183711007,0.191208005,59119357,USD
Algorand,11/05/2020,0.191578999,0.199414,0.181099996,0.187086999,50793469,USD
Algorand,12/05/2020,0.187186003,0.199457005,0.186939999,0.193694994,30782124,USD
Algorand,13/05/2020,0.193119004,0.198568001,0.189693004,0.196144998,32384911,USD
Algorand,14/05/2020,0.195075005,0.204303995,0.194578007,0.197537005,46584124,USD
Algorand,15/05/2020,0.197485,0.201524004,0.192284003,0.192394003,31883336,USD
Algorand,16/05/2020,0.193083003,0.199705005,0.190916002,0.197904006,30170528,USD
Algorand,17/05/2020,0.198462993,0.203805998,0.197005004,0.197790995,31700968,USD
Algorand,18/05/2020,0.198379993,0.203915998,0.197744995,0.200708002,30816357,USD
Algorand,19/05/2020,0.201576993,0.202461004,0.196384996,0.199836001,30642636,USD
Algorand,20/05/2020,0.200066999,0.213965997,0.199451998,0.209535003,44161496,USD
Algorand,21/05/2020,0.208973005,0.209509,0.184348002,0.192696005,40452333,USD
Algorand,22/05/2020,0.192629993,0.208388001,0.190130994,0.204896003,42004290,USD
Algorand,23/05/2020,0.205087006,0.212098002,0.199756995,0.203084007,36046130,USD
Algorand,24/05/2020,0.202535003,0.211052001,0.197615996,0.198516995,42598096,USD
Algorand,25/05/2020,0.198205993,0.212632,0.195849001,0.211386994,41018288,USD
Algorand,26/05/2020,0.211382002,0.222294003,0.207248002,0.217949003,51131422,USD
Algorand,27/05/2020,0.217949003,0.225826994,0.215379,0.221148998,40930894,USD
Algorand,28/05/2020,0.220887005,0.227234006,0.214577004,0.226425007,34772783,USD
Algorand,29/05/2020,0.226570994,0.235284999,0.223644003,0.228984997,40694258,USD
Algorand,30/05/2020,0.228899002,0.243392006,0.225396007,0.243299007,45564525,USD
Algorand,31/05/2020,0.243421003,0.25859499,0.230338007,0.234670997,68364969,USD
Algorand,01/06/2020,0.234676003,0.256118,0.232802004,0.249428004,59858535,USD
Algorand,02/06/2020,0.249633998,0.258329988,0.237094,0.245331004,38177362,USD
Algorand,03/06/2020,0.245331004,0.245635003,0.238539994,0.242096007,25893456,USD
Algorand,04/06/2020,0.242075995,0.249229997,0.240235001,0.242415994,30213204,USD
Algorand,05/06/2020,0.242415994,0.242468998,0.233211994,0.233211994,28128503,USD
Algorand,06/06/2020,0.233225003,0.238304004,0.230109006,0.237173006,24059435,USD
Algorand,07/06/2020,0.237173006,0.238014996,0.226458997,0.232040003,22008257,USD
Algorand,08/06/2020,0.232130006,0.235677004,0.229982004,0.234137997,22525776,USD
Algorand,09/06/2020,0.234240994,0.243432,0.230863005,0.242933005,24682686,USD
Algorand,10/06/2020,0.242969006,0.248316005,0.241044,0.246903002,28028320,USD
Algorand,11/06/2020,0.246903002,0.250431001,0.226622,0.231612995,32256440,USD
Algorand,12/06/2020,0.231498003,0.233623996,0.226794004,0.232169002,24659783,USD
Algorand,13/06/2020,0.232297003,0.236091003,0.229597002,0.234894007,20116921,USD
Algorand,14/06/2020,0.235128,0.246072993,0.231178001,0.234678,31124757,USD
Algorand,15/06/2020,0.234564006,0.234564006,0.211386994,0.227337003,35283462,USD
Algorand,16/06/2020,0.227338001,0.240560994,0.226473004,0.235653996,30256963,USD
Algorand,17/06/2020,0.235624,0.246775001,0.231151,0.244725004,36893707,USD
Algorand,18/06/2020,0.244639993,0.251320004,0.239504993,0.241148993,36043033,USD
Algorand,19/06/2020,0.241293997,0.241293997,0.230498999,0.230540007,26128647,USD
Algorand,20/06/2020,0.230666995,0.234513998,0.227201,0.230489001,22772469,USD
Algorand,21/06/2020,0.230458006,0.238985002,0.230458006,0.232860997,21557690,USD
Algorand,22/06/2020,0.232638001,0.240284994,0.232570007,0.240284994,24114135,USD
Algorand,23/06/2020,0.240563005,0.251031011,0.236303002,0.248953,30239369,USD
Algorand,24/06/2020,0.249559999,0.256206006,0.232604995,0.238861993,42345209,USD
Algorand,25/06/2020,0.239022002,0.240029007,0.227296993,0.235074997,27561878,USD
Algorand,26/06/2020,0.234754995,0.235392004,0.221833006,0.222505003,30965671,USD
Algorand,27/06/2020,0.222661003,0.223631993,0.199897006,0.205865994,30971071,USD
Algorand,28/06/2020,0.205865994,0.212458998,0.198723003,0.208084002,24227939,USD
Algorand,29/06/2020,0.208045006,0.215379998,0.207062006,0.214420006,22667921,USD
Algorand,30/06/2020,0.214223996,0.214693993,0.207587004,0.208412006,17000167,USD
Algorand,01/07/2020,0.208519995,0.218198001,0.207699001,0.214369997,19987708,USD
Algorand,02/07/2020,0.214368001,0.217793003,0.203936994,0.207202002,24088543,USD
Algorand,03/07/2020,0.207123995,0.208019003,0.203199998,0.203973994,18788671,USD
Algorand,04/07/2020,0.203935996,0.217720002,0.203591004,0.217209995,22962550,USD
Algorand,05/07/2020,0.217300996,0.219257995,0.209795997,0.215141997,21720266,USD
Algorand,06/07/2020,0.215141997,0.231058002,0.215141997,0.228540003,34005170,USD
Algorand,07/07/2020,0.228607997,0.235499993,0.222608,0.232495993,28795350,USD
Algorand,08/07/2020,0.232495993,0.251114011,0.230458006,0.246868998,39878814,USD
Algorand,09/07/2020,0.246868998,0.253832012,0.235513002,0.242523998,41951827,USD
Algorand,10/07/2020,0.242018998,0.251699001,0.230231002,0.249944001,34658190,USD
Algorand,11/07/2020,0.249936,0.293251991,0.249382004,0.279882997,97654539,USD
Algorand,12/07/2020,0.279884011,0.285427004,0.263374001,0.279148996,48952586,USD
Algorand,13/07/2020,0.279148996,0.289810985,0.26207301,0.265904993,61304601,USD
Algorand,14/07/2020,0.265904993,0.276284993,0.252958,0.272282004,47664473,USD
Algorand,15/07/2020,0.272188008,0.291240007,0.261317015,0.288031995,58034540,USD
Algorand,16/07/2020,0.287912995,0.359005988,0.266295999,0.352239996,207333074,USD
Algorand,17/07/2020,0.354308993,0.380943,0.332962006,0.346839011,146141038,USD
Algorand,18/07/2020,0.346432,0.363014013,0.332251996,0.355002999,65071045,USD
Algorand,19/07/2020,0.355333,0.394618988,0.34088999,0.388200998,73970160,USD
Algorand,20/07/2020,0.388309985,0.393660009,0.344273001,0.359708995,103494709,USD
Algorand,21/07/2020,0.358132988,0.369684994,0.33909899,0.345398992,78305897,USD
Algorand,22/07/2020,0.345598996,0.356876999,0.344366014,0.346089005,50305323,USD
Algorand,23/07/2020,0.346038014,0.349094003,0.325940013,0.328696012,53781716,USD
Algorand,24/07/2020,0.328756005,0.33030501,0.311320007,0.311912,41895273,USD
Algorand,25/07/2020,0.312184989,0.336198986,0.311432987,0.319126993,46361293,USD
Algorand,26/07/2020,0.319054008,0.330740005,0.306387007,0.320547014,52223639,USD
Algorand,27/07/2020,0.320547014,0.323266,0.27173999,0.287449002,85347338,USD
Algorand,28/07/2020,0.287535995,0.315914005,0.277684987,0.313288987,62403459,USD
Algorand,29/07/2020,0.313937992,0.326912999,0.307597011,0.308854014,50534906,USD
Algorand,30/07/2020,0.308896005,0.34661299,0.305958003,0.333732992,138288081,USD
Algorand,31/07/2020,0.334140003,0.351718009,0.315883994,0.325342,75002381,USD
Algorand,01/08/2020,0.325342,0.333831012,0.319959998,0.326552987,58184980,USD
Algorand,02/08/2020,0.326106995,0.334075004,0.285207987,0.301198006,57456906,USD
Algorand,03/08/2020,0.301198006,0.321354985,0.298709005,0.309632003,35563711,USD
Algorand,04/08/2020,0.309632003,0.330702007,0.309603989,0.326361001,36437559,USD
Algorand,05/08/2020,0.326469004,0.345461011,0.322232008,0.336210012,59452182,USD
Algorand,06/08/2020,0.336021006,0.373365015,0.334820986,0.363977998,80849804,USD
Algorand,07/08/2020,0.363983005,0.379649013,0.342283994,0.369857997,65591141,USD
Algorand,08/08/2020,0.369949996,0.458999008,0.369524986,0.451361001,128587701,USD
Algorand,09/08/2020,0.451323986,0.470647007,0.41425401,0.425507009,119127687,USD
Algorand,10/08/2020,0.425507009,0.486241996,0.410100013,0.468510002,130243509,USD
Algorand,11/08/2020,0.468712002,0.48754701,0.400142998,0.437420011,128248142,USD
Algorand,12/08/2020,0.43749699,0.544942975,0.408600986,0.528418005,182545506,USD
Algorand,13/08/2020,0.528348982,0.69650501,0.508737981,0.668281972,462974560,USD
Algorand,14/08/2020,0.66900599,0.761919022,0.62431401,0.638611972,347203425,USD
Algorand,15/08/2020,0.638620973,0.704508007,0.600238025,0.637400985,238718892,USD
Algorand,16/08/2020,0.636936009,0.663389981,0.618440986,0.629417002,167466878,USD
Algorand,17/08/2020,0.629417002,0.691033006,0.583212972,0.585883975,191812541,USD
Algorand,18/08/2020,0.58592099,0.605850995,0.527634025,0.55814898,181855579,USD
Algorand,19/08/2020,0.557934999,0.62273401,0.516129017,0.597796023,276243241,USD
Algorand,20/08/2020,0.597796023,0.664701998,0.595652997,0.627822995,220969281,USD
Algorand,21/08/2020,0.627031982,0.632369995,0.528366983,0.532032013,207671088,USD
Algorand,22/08/2020,0.533122003,0.586557984,0.514456987,0.568174005,168290282,USD
Algorand,23/08/2020,0.565056026,0.636627972,0.547095001,0.613548994,174829794,USD
Algorand,24/08/2020,0.613255978,0.662643015,0.596652985,0.633203983,175121216,USD
Algorand,25/08/2020,0.631639004,0.636900008,0.535216987,0.563521981,229197386,USD
Algorand,26/08/2020,0.563175023,0.587166011,0.533173978,0.551137984,193190502,USD
Algorand,27/08/2020,0.551144004,0.558287024,0.495265007,0.521386027,195555976,USD
Algorand,28/08/2020,0.521265984,0.560486972,0.514593005,0.535218,165850062,USD
Algorand,29/08/2020,0.534214973,0.548422992,0.52512002,0.536670029,126976934,USD
Algorand,30/08/2020,0.53531599,0.549607992,0.513258994,0.518701971,133607019,USD
Algorand,31/08/2020,0.518549979,0.526349008,0.503766,0.503766,130325932,USD
Algorand,01/09/2020,0.503675997,0.550312996,0.496621013,0.518041015,190460341,USD
Algorand,02/09/2020,0.517920971,0.526239991,0.430994004,0.464489013,176105219,USD
Algorand,03/09/2020,0.464471996,0.470553011,0.341713995,0.351824999,141289498,USD
Algorand,04/09/2020,0.350333989,0.388247013,0.337954998,0.376080006,140720515,USD
Algorand,05/09/2020,0.375797004,0.400676012,0.318780005,0.341147006,124160080,USD
Algorand,06/09/2020,0.341659993,0.386619985,0.320428014,0.374635011,140628688,USD
Algorand,07/09/2020,0.374942988,0.384438992,0.332287997,0.369982004,142839454,USD
Algorand,08/09/2020,0.371560007,0.376608014,0.338483989,0.348174989,106371786,USD
Algorand,09/09/2020,0.348417997,0.429771006,0.338678002,0.413269013,179285268,USD
Algorand,10/09/2020,0.413834006,0.450349987,0.402213991,0.415243,226878525,USD
Algorand,11/09/2020,0.415243,0.415243,0.391167015,0.412604988,167917174,USD
Algorand,12/09/2020,0.411615014,0.417602003,0.399583995,0.409227014,147918798,USD
Algorand,13/09/2020,0.409231991,0.415702999,0.360327005,0.377276003,146261454,USD
Algorand,14/09/2020,0.376800001,0.391649008,0.36759299,0.382977009,127090720,USD
Algorand,15/09/2020,0.382977009,0.387775004,0.35275799,0.353810012,137166676,USD
Algorand,16/09/2020,0.35414201,0.362462997,0.338815987,0.360794008,131124197,USD
Algorand,17/09/2020,0.360794008,0.375230998,0.346888006,0.357322007,133380024,USD
Algorand,18/09/2020,0.357322007,0.363121003,0.329881996,0.336943001,134404170,USD
Algorand,19/09/2020,0.337285012,0.345371008,0.32635501,0.342202008,95511990,USD
Algorand,20/09/2020,0.343153,0.358076006,0.314633012,0.327809989,119120575,USD
Algorand,21/09/2020,0.327197999,0.330192,0.280436993,0.28907001,120549272,USD
Algorand,22/09/2020,0.288717002,0.313098013,0.277301997,0.306796998,73652521,USD
Algorand,23/09/2020,0.307675987,0.30992201,0.264416993,0.267850995,131999425,USD
Algorand,24/09/2020,0.270613998,0.297753006,0.198412001,0.294438004,63506796,USD
Algorand,25/09/2020,0.294068009,0.327051014,0.289936006,0.317490011,69380549,USD
Algorand,26/09/2020,0.317395002,0.340813011,0.31536299,0.326303005,60650635,USD
Algorand,27/09/2020,0.325704992,0.326617986,0.304937005,0.313840002,47989116,USD
Algorand,28/09/2020,0.314153999,0.34760499,0.313454002,0.328337014,67843978,USD
Algorand,29/09/2020,0.327547014,0.342676014,0.321550012,0.336225986,104029049,USD
Algorand,30/09/2020,0.336856991,0.345710993,0.320749015,0.345710993,106426941,USD
Algorand,01/10/2020,0.346578985,0.369100004,0.328393996,0.334291011,156750918,USD
Algorand,02/10/2020,0.333977997,0.339648008,0.294099987,0.317115009,208599779,USD
Algorand,03/10/2020,0.317088991,0.329907,0.312815994,0.313876003,147675549,USD
Algorand,04/10/2020,0.314321011,0.319853008,0.306241989,0.313273013,131929747,USD
Algorand,05/10/2020,0.313273996,0.322320014,0.307803005,0.317871988,122455641,USD
Algorand,06/10/2020,0.317811012,0.321393996,0.283686012,0.287602007,142004290,USD
Algorand,07/10/2020,0.285308987,0.309601009,0.277617007,0.305521995,153773046,USD
Algorand,08/10/2020,0.307388008,0.313921988,0.290181994,0.307375014,147516868,USD
Algorand,09/10/2020,0.307861,0.332334012,0.300698012,0.330713004,152635150,USD
Algorand,10/10/2020,0.329872996,0.337668002,0.320533007,0.324523002,149128190,USD
Algorand,11/10/2020,0.324497998,0.337918013,0.316633999,0.332201004,150596743,USD
Algorand,12/10/2020,0.331979007,0.362412989,0.328256994,0.344424993,206423893,USD
Algorand,13/10/2020,0.344009012,0.355720013,0.331990004,0.343327999,172399878,USD
Algorand,14/10/2020,0.344392985,0.347948015,0.319967002,0.326954991,171646779,USD
Algorand,15/10/2020,0.327183008,0.331885993,0.306876004,0.315196991,103784753,USD
Algorand,16/10/2020,0.314226002,0.317328006,0.296754986,0.299194008,119502553,USD
Algorand,17/10/2020,0.299401999,0.317842007,0.298752993,0.312509,77610984,USD
Algorand,18/10/2020,0.314045012,0.316285014,0.309453994,0.316258013,103439389,USD
Algorand,19/10/2020,0.314747989,0.317438006,0.301892012,0.302857995,108467486,USD
Algorand,20/10/2020,0.302872002,0.304675996,0.282130003,0.287303001,74330601,USD
Algorand,21/10/2020,0.286841989,0.312471986,0.285944015,0.301553994,60706484,USD
Algorand,22/10/2020,0.301497996,0.324685991,0.301497996,0.315317005,80446555,USD
Algorand,23/10/2020,0.315349996,0.323208988,0.301281989,0.308690995,80162817,USD
Algorand,24/10/2020,0.308690995,0.313540995,0.303663999,0.307377011,67012147,USD
Algorand,25/10/2020,0.307377011,0.311868012,0.298922986,0.303187996,68278477,USD
Algorand,26/10/2020,0.303187996,0.306984007,0.285402,0.291460007,81997964,USD
Algorand,27/10/2020,0.291462004,0.299135,0.283365995,0.287535995,81941358,USD
Algorand,28/10/2020,0.287537992,0.292052001,0.267176002,0.277327001,93228863,USD
Algorand,29/10/2020,0.277327001,0.283436,0.253767014,0.256087005,82069856,USD
Algorand,30/10/2020,0.256087005,0.257701993,0.238764003,0.254453003,99778074,USD
Algorand,31/10/2020,0.254453987,0.264313012,0.247922003,0.249470994,65674043,USD
Algorand,01/11/2020,0.249470994,0.261815995,0.243741006,0.257290989,58993441,USD
Algorand,02/11/2020,0.257290006,0.261676997,0.244534001,0.246147007,59993282,USD
Algorand,03/11/2020,0.246147007,0.247571006,0.226554006,0.232870996,61006685,USD
Algorand,04/11/2020,0.232877001,0.243533,0.222123995,0.238598004,68372676,USD
Algorand,05/11/2020,0.238599002,0.253760993,0.234072998,0.247706994,47384257,USD
Algorand,06/11/2020,0.247687995,0.281100005,0.247610003,0.276470989,53370602,USD
Algorand,07/11/2020,0.276470989,0.296783,0.245125994,0.258266002,93241589,USD
Algorand,08/11/2020,0.258266002,0.275029004,0.254505008,0.266494006,42481944,USD
Algorand,09/11/2020,0.266494006,0.272900999,0.254795998,0.260619998,44327720,USD
Algorand,10/11/2020,0.260641992,0.292055011,0.257086009,0.286783993,66371409,USD
Algorand,11/11/2020,0.286785007,0.293606997,0.277384996,0.278737992,52318889,USD
Algorand,12/11/2020,0.278732985,0.278732985,0.260692,0.265159011,40815820,USD
Algorand,13/11/2020,0.265159011,0.280957013,0.263379991,0.279745013,51460690,USD
Algorand,14/11/2020,0.279745013,0.27977401,0.26353699,0.265827,47149542,USD
Algorand,15/11/2020,0.265827,0.271174997,0.248861,0.254886001,57838422,USD
Algorand,16/11/2020,0.254884988,0.272179991,0.252721012,0.269692004,61158972,USD
Algorand,17/11/2020,0.272810012,0.278367996,0.268597007,0.27403,54733261,USD
Algorand,18/11/2020,0.274017006,0.277231008,0.257582992,0.267482013,71924359,USD
Algorand,19/11/2020,0.267482996,0.271292001,0.255602002,0.264560997,41325515,USD
Algorand,20/11/2020,0.264562011,0.288724005,0.264490008,0.284402013,63907790,USD
Algorand,21/11/2020,0.284402013,0.324472994,0.284402013,0.315293998,124532492,USD
Algorand,22/11/2020,0.315293998,0.32326299,0.281372011,0.297030002,104518231,USD
Algorand,23/11/2020,0.297030002,0.341300011,0.293567985,0.335173011,123633926,USD
Algorand,24/11/2020,0.335366011,0.374567986,0.327693999,0.357892007,224480785,USD
Algorand,25/11/2020,0.357876003,0.419007987,0.333393991,0.343715012,222071949,USD
Algorand,26/11/2020,0.343593001,0.355064988,0.280773997,0.30182299,203880410,USD
Algorand,27/11/2020,0.301860005,0.316193014,0.286579996,0.299977988,80462546,USD
Algorand,28/11/2020,0.300161004,0.32359001,0.295796007,0.313111007,69329866,USD
Algorand,29/11/2020,0.313154012,0.322930992,0.301708013,0.317557991,59560847,USD
Algorand,30/11/2020,0.31754899,0.333802998,0.313798994,0.328570992,93029960,USD
Algorand,01/12/2020,0.328857005,0.346242011,0.306816995,0.309062004,101960294,USD
Algorand,02/12/2020,0.308995992,0.346112013,0.301272005,0.341701001,101946818,USD
Algorand,03/12/2020,0.341892004,0.357095003,0.340205014,0.340721011,78058839,USD
Algorand,04/12/2020,0.340781987,0.373203993,0.323164999,0.326958001,110866371,USD
Algorand,05/12/2020,0.326683998,0.350347012,0.319537997,0.344678015,74950311,USD
Algorand,06/12/2020,0.344296008,0.347409993,0.330662012,0.337143987,75516886,USD
Algorand,07/12/2020,0.337136,0.342907012,0.324232012,0.331153989,52230358,USD
Algorand,08/12/2020,0.331102997,0.331999987,0.294862986,0.300953001,80324528,USD
Algorand,09/12/2020,0.301041991,0.307976991,0.287212998,0.306190014,67088276,USD
Algorand,10/12/2020,0.306167006,0.307325989,0.29163599,0.294348001,41624811,USD
Algorand,11/12/2020,0.294357985,0.295071006,0.277348995,0.289889991,48422448,USD
Algorand,12/12/2020,0.289467007,0.315384001,0.289151013,0.309843987,56942675,USD
Algorand,13/12/2020,0.309852004,0.319519997,0.305316001,0.309143007,47397135,USD
Algorand,14/12/2020,0.309289992,0.317658991,0.304623991,0.312754989,48466155,USD
Algorand,15/12/2020,0.312786996,0.339525014,0.312786996,0.325475991,77662360,USD
Algorand,16/12/2020,0.325480998,0.344004989,0.319305003,0.339955002,106922372,USD
Algorand,17/12/2020,0.340007991,0.35729599,0.325742006,0.332125992,123624266,USD
Algorand,18/12/2020,0.332170993,0.362648994,0.317476004,0.353863001,119453445,USD
Algorand,19/12/2020,0.353794008,0.384039998,0.350950003,0.356626987,130789717,USD
Algorand,20/12/2020,0.356523991,0.357207,0.330651999,0.339004993,95694398,USD
Algorand,21/12/2020,0.339377999,0.365058988,0.314599991,0.327331007,122394591,USD
Algorand,22/12/2020,0.326682001,0.34749499,0.318533987,0.336887002,90816048,USD
Algorand,23/12/2020,0.336764991,0.35067901,0.269630015,0.288886011,113589408,USD
Algorand,24/12/2020,0.289552987,0.313906014,0.282469988,0.313906014,70852889,USD
Algorand,25/12/2020,0.313796997,0.328792989,0.304459006,0.309744,70992652,USD
Algorand,26/12/2020,0.309671015,0.321200997,0.301548004,0.309320003,61623355,USD
Algorand,27/12/2020,0.309303999,0.335081995,0.302156001,0.319123,92973623,USD
Algorand,28/12/2020,0.319169998,0.356278002,0.316953003,0.356238991,77096646,USD
Algorand,29/12/2020,0.356528997,0.360830992,0.320894003,0.345918,114394973,USD
Algorand,30/12/2020,0.345973998,0.358485013,0.328186989,0.335543007,76007919,USD
Algorand,31/12/2020,0.335543007,0.336156994,0.31922701,0.334039986,63753450,USD
Algorand,01/01/2021,0.334206998,0.431286007,0.332387,0.398128986,341885747,USD
Algorand,02/01/2021,0.39864099,0.460714012,0.385091007,0.408091009,417148719,USD
Algorand,03/01/2021,0.407990992,0.434376001,0.399109989,0.422767013,263098398,USD
Algorand,04/01/2021,0.424077004,0.459522009,0.370076001,0.438665986,257108478,USD
Algorand,05/01/2021,0.441605985,0.493420005,0.405449003,0.479429007,423192879,USD
Algorand,06/01/2021,0.479878008,0.528183997,0.460023999,0.511314988,374099920,USD
Algorand,07/01/2021,0.511843026,0.519041002,0.451646,0.462823004,295341182,USD
Algorand,08/01/2021,0.462828994,0.482120007,0.413899988,0.454768986,248294641,USD
Algorand,09/01/2021,0.454878002,0.493216008,0.436910987,0.486241996,204728849,USD
Algorand,10/01/2021,0.486036003,0.513873994,0.420439005,0.462031007,257910313,USD
Algorand,11/01/2021,0.461104989,0.461104989,0.374812007,0.416987002,258262717,USD
Algorand,12/01/2021,0.416774988,0.429859996,0.39230901,0.397689998,137219408,USD
Algorand,13/01/2021,0.397702008,0.45195201,0.382225007,0.450746,128842017,USD
Algorand,14/01/2021,0.450497001,0.465894014,0.430615991,0.453648001,116642595,USD
Algorand,15/01/2021,0.454407007,0.496805996,0.43007499,0.488370001,274399567,USD
Algorand,16/01/2021,0.487994999,0.549803972,0.485280991,0.51889199,296573002,USD
Algorand,17/01/2021,0.519096017,0.584311008,0.488406003,0.584056973,300743172,USD
Algorand,18/01/2021,0.584789991,0.603812993,0.543178976,0.566100001,261142097,USD
Algorand,19/01/2021,0.566184998,0.571699977,0.517522991,0.523486018,182636174,USD
Algorand,20/01/2021,0.522693992,0.547744989,0.486373991,0.546024978,197111759,USD
Algorand,21/01/2021,0.546528995,0.549395025,0.451579988,0.461539,182613767,USD
Algorand,22/01/2021,0.461479992,0.538519025,0.432265997,0.511023998,185139633,USD
Algorand,23/01/2021,0.509980977,0.570024014,0.503463984,0.557057023,196103379,USD
Algorand,24/01/2021,0.556986988,0.580891013,0.552065015,0.563449025,189233850,USD
Algorand,25/01/2021,0.563428998,0.632629991,0.551553011,0.55824703,277194483,USD
Algorand,26/01/2021,0.557421982,0.619116008,0.538625002,0.601621985,234028040,USD
Algorand,27/01/2021,0.600986004,0.601457,0.526318014,0.543152988,211490314,USD
Algorand,28/01/2021,0.543186009,0.577802002,0.528348029,0.561167002,200013864,USD
Algorand,29/01/2021,0.56447202,0.679131985,0.553368986,0.640950024,377660793,USD
Algorand,30/01/2021,0.640573025,0.700316012,0.615082026,0.663792014,382878779,USD
Algorand,31/01/2021,0.664225996,0.697305977,0.62430799,0.651247978,309348318,USD
Algorand,01/02/2021,0.650958002,0.665225983,0.61975801,0.643447995,253555579,USD
Algorand,02/02/2021,0.643670976,0.671500981,0.627644002,0.652656019,218901999,USD
Algorand,03/02/2021,0.652351975,0.747986972,0.648918986,0.740833998,314896934,USD
Algorand,04/02/2021,0.742528021,0.756987989,0.675076008,0.707506001,357906069,USD
Algorand,05/02/2021,0.707638979,0.888541996,0.700379014,0.834115982,538956814,USD
Algorand,06/02/2021,0.833582997,0.862729013,0.74614799,0.810864985,439952226,USD
Algorand,07/02/2021,0.810769022,0.874890983,0.77414602,0.845040023,453238754,USD
Algorand,08/02/2021,0.844747007,1.086227059,0.844304025,1.010607004,987137198,USD
Algorand,09/02/2021,1.007470012,1.076382995,0.966687977,1.029016972,730369062,USD
Algorand,10/02/2021,1.029021978,1.047672987,0.921836019,1.032089949,629613749,USD
Algorand,11/02/2021,1.032196999,1.298787951,1.032196999,1.249716997,1240723518,USD
Algorand,12/02/2021,1.245440006,1.824609041,1.181594968,1.71242404,2098583771,USD
Algorand,13/02/2021,1.717733979,1.793118,1.376268983,1.66969502,1617380782,USD
Algorand,14/02/2021,1.671228051,1.684808969,1.415223956,1.472092032,958023564,USD
Algorand,15/02/2021,1.471585989,1.544167042,1.222736955,1.350877047,1282829302,USD
Algorand,16/02/2021,1.350011945,1.465971947,1.275414944,1.313527942,849383982,USD
Algorand,17/02/2021,1.313814044,1.415025949,1.204982996,1.369261026,918368743,USD
Algorand,18/02/2021,1.368630052,1.446997046,1.356021047,1.400668979,613260929,USD
Algorand,19/02/2021,1.400868058,1.425861955,1.307171941,1.374461055,587922601,USD
Algorand,20/02/2021,1.373926044,1.487833023,1.254583001,1.31399703,801624385,USD
Algorand,21/02/2021,1.312255979,1.351765037,1.271525979,1.308164001,408227703,USD
Algorand,22/02/2021,1.308482051,1.313716054,0.949464023,1.144449949,786990096,USD
Algorand,23/02/2021,1.144196987,1.146631956,0.841700017,0.999798,879735912,USD
Algorand,24/02/2021,1.00226295,1.17524302,0.956517994,1.061761022,604870974,USD
Algorand,25/02/2021,1.061885953,1.145606041,0.976009011,0.976009011,529090407,USD
Algorand,26/02/2021,0.978923023,1.048892975,0.904269993,0.971285999,490080858,USD
Algorand,27/02/2021,0.972105026,1.184677958,0.972105026,1.098628044,546790290,USD
Algorand,28/02/2021,1.09849894,1.127647042,0.952660978,1.017223954,598035361,USD
Algorand,01/03/2021,1.019400954,1.105370998,1.010674953,1.088457942,425868521,USD
Algorand,02/03/2021,1.088641047,1.165858984,1.043426991,1.08069098,552897940,USD
Algorand,03/03/2021,1.081395984,1.221840024,1.060158014,1.182144046,638690035,USD
Algorand,04/03/2021,1.182109952,1.247892976,1.05329299,1.093430996,558601276,USD
Algorand,05/03/2021,1.092254996,1.094815016,1.009107947,1.05803597,415618857,USD
Algorand,06/03/2021,1.056707025,1.070731044,1.009307981,1.054033995,269458490,USD
Algorand,07/03/2021,1.053931952,1.136854053,1.052626014,1.10364902,319268550,USD
Algorand,08/03/2021,1.104840994,1.164741039,1.064839005,1.152907968,379936908,USD
Algorand,09/03/2021,1.153689981,1.184334993,1.119328976,1.180618048,404449001,USD
Algorand,10/03/2021,1.180801034,1.228513002,1.084679008,1.109995008,439787738,USD
Algorand,11/03/2021,1.107856989,1.124575019,1.054541945,1.082896948,331685164,USD
Algorand,12/03/2021,1.083739996,1.150282025,1.034533978,1.05210495,455285823,USD
Algorand,13/03/2021,1.052351952,1.168364048,1.017516017,1.139641047,424560368,USD
Algorand,14/03/2021,1.139253974,1.169191003,1.091122031,1.130390048,404746123,USD
Algorand,15/03/2021,1.127212048,1.337692976,1.117388964,1.196815014,1215427012,USD
Algorand,16/03/2021,1.194766045,1.245489955,1.131221056,1.200564027,632910988,USD
Algorand,17/03/2021,1.202880025,1.295040965,1.157838941,1.295040965,443468960,USD
Algorand,18/03/2021,1.290840983,1.377766013,1.243561983,1.262334943,602618872,USD
Algorand,19/03/2021,1.260689974,1.311205029,1.217502952,1.253208041,295857156,USD
Algorand,20/03/2021,1.253640056,1.316920042,1.206830025,1.206830025,284449961,USD
Algorand,21/03/2021,1.209275007,1.235854983,1.155722022,1.18177104,278155215,USD
Algorand,22/03/2021,1.181682944,1.227552056,1.091732025,1.108540058,287231851,USD
Algorand,23/03/2021,1.107674956,1.159414053,1.069206953,1.113124967,305034134,USD
Algorand,24/03/2021,1.11262095,1.184890032,1.004066944,1.033460975,355602691,USD
Algorand,25/03/2021,1.031888962,1.077113986,0.988113999,1.045246959,371973364,USD
Algorand,26/03/2021,1.045202971,1.125637054,1.042466044,1.117807984,204442462,USD
Algorand,27/03/2021,1.117800951,1.217013955,1.095502019,1.159592986,350800206,USD
Algorand,28/03/2021,1.159569025,1.269209981,1.148920059,1.236742973,368338603,USD
Algorand,29/03/2021,1.23653698,1.449870944,1.219370008,1.401067972,565200987,USD
Algorand,30/03/2021,1.403296947,1.426902056,1.304666042,1.326094985,418633321,USD
Algorand,31/03/2021,1.326393962,1.372452021,1.25533998,1.369683027,369677700,USD
Algorand,01/04/2021,1.369380951,1.39884305,1.303146958,1.326109052,312332954,USD
Algorand,02/04/2021,1.32584703,1.369564056,1.308398008,1.361269951,256028256,USD
Algorand,03/04/2021,1.361268044,1.470250964,1.269546986,1.269546986,457515567,USD
Algorand,04/04/2021,1.268936992,1.355453014,1.251831055,1.314931989,259162075,USD
Algorand,05/04/2021,1.315348983,1.429229975,1.283010006,1.405011058,363893378,USD
Algorand,06/04/2021,1.403110027,1.488314986,1.361711025,1.400850058,441199749,USD
Algorand,07/04/2021,1.399965048,1.483003974,1.255478978,1.303869963,545441816,USD
Algorand,08/04/2021,1.305076957,1.379230976,1.29707396,1.349128962,252938907,USD
Algorand,09/04/2021,1.350065947,1.427911997,1.32239604,1.394245028,281543642,USD
Algorand,10/04/2021,1.394894958,1.475836992,1.355746984,1.393406987,335532482,USD
Algorand,11/04/2021,1.390869975,1.546440959,1.366224051,1.520488024,377203338,USD
Algorand,12/04/2021,1.523566008,1.597851992,1.439350009,1.48237896,440923375,USD
Algorand,13/04/2021,1.481397033,1.549056053,1.423444986,1.51523602,395401453,USD
Algorand,14/04/2021,1.51454699,1.526998997,1.387621999,1.466120005,377957613,USD
Algorand,15/04/2021,1.464725971,1.624891996,1.448693991,1.574378014,421373869,USD
Algorand,16/04/2021,1.571411967,1.598867059,1.415416956,1.509819031,405207049,USD
Algorand,17/04/2021,1.508139968,1.815737963,1.508139968,1.697854042,941888384,USD
Algorand,18/04/2021,1.709903002,1.737406969,1.263298988,1.454038024,865676730,USD
Algorand,19/04/2021,1.456696033,1.509760976,1.286021948,1.293401003,455800383,USD
Algorand,20/04/2021,1.290804029,1.348340988,1.165706038,1.291139007,505907556,USD
Algorand,21/04/2021,1.292050004,1.344401002,1.19285202,1.212808013,469605920,USD
Algorand,22/04/2021,1.209635019,1.323075056,1.144749045,1.16384995,440794544,USD
Algorand,23/04/2021,1.162515998,1.193194032,0.926800013,1.164039016,614781222,USD
Algorand,24/04/2021,1.166643023,1.169842958,1.078953981,1.088166952,196535691,USD
Algorand,25/04/2021,1.088276029,1.191596031,1.051610947,1.094038963,236814426,USD
Algorand,26/04/2021,1.095718026,1.246513963,1.085569024,1.237956047,287758062,USD
Algorand,27/04/2021,1.236348987,1.328205943,1.223232985,1.30904603,299152002,USD
Algorand,28/04/2021,1.308547974,1.335422993,1.211294055,1.28805995,253483940,USD
Algorand,29/04/2021,1.288846016,1.381482005,1.243937969,1.319766998,343626935,USD
Algorand,30/04/2021,1.321459055,1.444159985,1.297516942,1.403602958,327593914,USD
Algorand,01/05/2021,1.40257597,1.41881001,1.350795031,1.394945979,201451324,USD
Algorand,02/05/2021,1.393615007,1.409939051,1.328351974,1.387143016,212251509,USD
Algorand,03/05/2021,1.387272,1.473528981,1.387272,1.435955048,240185093,USD
Algorand,04/05/2021,1.436171055,1.444972038,1.274881005,1.278506041,319723013,USD
Algorand,05/05/2021,1.274727941,1.449712992,1.256055951,1.442311049,275685656,USD
Algorand,06/05/2021,1.442345977,1.577720046,1.416298985,1.542464972,517403025,USD
Algorand,07/05/2021,1.544466972,1.693261981,1.473842978,1.581908941,573059771,USD
Algorand,08/05/2021,1.577461958,1.620110035,1.495422006,1.517408967,290214257,USD
Algorand,09/05/2021,1.517276049,1.530210972,1.433874965,1.512604952,279087115,USD
Algorand,10/05/2021,1.514682055,1.555251002,1.314419985,1.371485949,335009174,USD
Algorand,11/05/2021,1.371032,1.476457,1.326153994,1.476457,287839468,USD
Algorand,12/05/2021,1.473680019,1.499037981,1.251075983,1.251075983,321798109,USD
Algorand,13/05/2021,1.273064971,1.451604009,1.214442968,1.352792025,725615046,USD
Algorand,14/05/2021,1.350932002,1.488175988,1.324054956,1.468775988,630774902,USD
Algorand,15/05/2021,1.476045012,1.530040026,1.374181986,1.383846045,854335171,USD
Algorand,16/05/2021,1.384631038,1.539227009,1.337097049,1.400199056,777139501,USD
Algorand,17/05/2021,1.397063971,1.409708977,1.259696007,1.285366058,599008623,USD
Algorand,18/05/2021,1.283651948,1.394368052,1.260131955,1.36601603,283640580,USD
Algorand,19/05/2021,1.366647005,1.386522055,0.781355023,0.943497002,745296374,USD
Algorand,20/05/2021,0.934791028,1.120687008,0.842253029,1.113160014,500925682,USD
Algorand,21/05/2021,1.110617042,1.147515059,0.848972976,0.980975986,373908985,USD
Algorand,22/05/2021,0.980687976,1.013795972,0.860602021,0.974528015,279484690,USD
Algorand,23/05/2021,0.975686014,1.041067004,0.680272996,0.825902998,400419290,USD
Algorand,24/05/2021,0.820080996,1.004673958,0.805557013,0.977903008,279993645,USD
Algorand,25/05/2021,0.979179978,1.016517997,0.871156991,0.976357996,275502086,USD
Algorand,26/05/2021,0.97656399,1.060451031,0.955914021,1.024055004,239788448,USD
Algorand,27/05/2021,1.023937941,1.032938004,0.938552976,0.968786001,176319855,USD
Algorand,28/05/2021,0.972081006,0.986041009,0.848383009,0.898697019,208004226,USD
Algorand,29/05/2021,0.899070024,0.930346012,0.792079985,0.829412997,154815885,USD
Algorand,30/05/2021,0.829683006,0.891098022,0.78302598,0.85017997,129345362,USD
Algorand,31/05/2021,0.849048972,0.938535988,0.815532982,0.937608004,153097289,USD
Algorand,01/06/2021,0.936277986,0.951546013,0.878199995,0.894697011,133679913,USD
Algorand,02/06/2021,0.895605981,1.065850019,0.873935997,1.018265009,227605338,USD
Algorand,03/06/2021,1.019219041,1.150691986,1.007073998,1.109922051,261940947,USD
Algorand,04/06/2021,1.110303998,1.132995009,0.974979997,1.028761029,212802161,USD
Algorand,05/06/2021,1.029433966,1.090523958,0.954024017,0.976601005,166177746,USD
Algorand,06/06/2021,0.976677001,1.025094032,0.965070009,1.024901032,96681126,USD
Algorand,07/06/2021,1.025468946,1.089763045,0.950474977,0.955255985,146431918,USD
Algorand,08/06/2021,0.962890029,0.975857973,0.859378994,0.943441987,196320510,USD
Algorand,09/06/2021,0.940639019,1.138996959,0.909556985,1.046550989,418558065,USD
Algorand,10/06/2021,1.039684057,1.050183058,0.97655201,1.04392004,222571007,USD
Algorand,11/06/2021,1.046959043,1.07983005,0.958244026,0.971231997,255879712,USD
Algorand,12/06/2021,0.97339201,1.009646058,0.912042022,0.986114025,159921893,USD
Algorand,13/06/2021,0.98921901,1.066220045,0.965840995,1.04055202,136521765,USD
Algorand,14/06/2021,1.040802002,1.099933028,1.026291966,1.086212039,149481412,USD
Algorand,15/06/2021,1.071221948,1.093500018,1.025751948,1.071182013,148619890,USD
Algorand,16/06/2021,1.032747984,1.056419015,0.99990201,1.015972018,119611912,USD
Algorand,17/06/2021,1.016435027,1.082523942,1.013839006,1.06507802,127908053,USD
Algorand,18/06/2021,1.064954996,1.091477036,0.962105989,0.985028982,130207925,USD
Algorand,19/06/2021,0.992000997,0.993210971,0.936729014,0.940407991,100230103,USD
Algorand,20/06/2021,0.937919021,0.952059984,0.879248977,0.93601501,109046816,USD
Algorand,21/06/2021,0.934154987,0.941209972,0.753570974,0.755001009,182298195,USD
Algorand,22/06/2021,0.75435698,0.850263,0.674373984,0.743264973,255594309,USD
Algorand,23/06/2021,0.742420971,0.870356023,0.715604007,0.833009005,180063286,USD
Algorand,24/06/2021,0.833365023,0.894383013,0.797927022,0.871621013,108344761,USD
Algorand,25/06/2021,0.873839974,0.898180008,0.780337989,0.796801984,131160750,USD
Algorand,26/06/2021,0.794359982,0.824712992,0.762715995,0.809687972,110721191,USD
Algorand,27/06/2021,0.810581982,0.840102017,0.774163008,0.834954023,107192864,USD
Algorand,28/06/2021,0.834783971,0.86380899,0.823387027,0.840484023,101244529,USD
Algorand,29/06/2021,0.842528999,0.92415899,0.840515971,0.884959996,117959912,USD
Algorand,30/06/2021,0.888413012,0.909430981,0.835579991,0.882368028,110681793,USD
Algorand,01/07/2021,0.882348001,0.882348001,0.812717974,0.838504016,131847576,USD
Algorand,02/07/2021,0.834966004,0.846557021,0.801540971,0.846273005,74731232,USD
Algorand,03/07/2021,0.846449018,0.885047019,0.836516976,0.876621008,63127362,USD
Algorand,04/07/2021,0.876954973,0.91237998,0.857851982,0.87984103,64314668,USD
Algorand,05/07/2021,0.880379021,0.891977012,0.84286499,0.874266982,72739472,USD
Algorand,06/07/2021,0.874109983,0.931900978,0.872681975,0.913977981,88777773,USD
Algorand,07/07/2021,0.912787974,0.939954996,0.902854025,0.905079007,74920879,USD
Algorand,08/07/2021,0.90675801,0.907209992,0.848038971,0.869343996,74399983,USD
Algorand,09/07/2021,0.86688298,0.930404007,0.828884006,0.905237973,109740119,USD
Algorand,10/07/2021,0.905667007,0.921649992,0.869570017,0.89190799,58773601,USD
Algorand,11/07/2021,0.892468989,0.919086993,0.885734022,0.892432988,55878459,USD
Algorand,12/07/2021,0.892849982,0.904211998,0.851240993,0.870142996,58111585,USD
Algorand,13/07/2021,0.868646026,0.897325993,0.849488974,0.873875976,61289195,USD
Algorand,14/07/2021,0.87479198,0.880478978,0.824190974,0.858835995,68797018,USD
Algorand,15/07/2021,0.858807981,0.879092991,0.820415974,0.831207991,61935014,USD
Algorand,16/07/2021,0.833795011,0.850892007,0.775054991,0.784992993,75971455,USD
Algorand,17/07/2021,0.783915997,0.806131005,0.774097979,0.784691989,58948770,USD
Algorand,18/07/2021,0.784772992,0.813560009,0.775798976,0.799911022,50135048,USD
Algorand,19/07/2021,0.799154997,0.80706197,0.747568011,0.749253988,57986028,USD
Algorand,20/07/2021,0.749791026,0.764640987,0.677779019,0.697206974,101517725,USD
Algorand,21/07/2021,0.695598006,0.78225702,0.682322979,0.765600979,72874105,USD
Algorand,22/07/2021,0.768652976,0.799428999,0.755021989,0.797338009,69932093,USD
Algorand,23/07/2021,0.796316028,0.815572977,0.772050023,0.807986021,59929789,USD
Algorand,24/07/2021,0.807520986,0.846592009,0.804714024,0.828797996,63918498,USD
Algorand,25/07/2021,0.827171981,0.906491995,0.796666026,0.890030026,104461200,USD
Algorand,26/07/2021,0.89032203,0.933137,0.840910017,0.85076803,144363816,USD
Algorand,27/07/2021,0.848666012,0.871381998,0.819015026,0.854211986,74703385,USD
Algorand,28/07/2021,0.857113004,0.871397018,0.828967988,0.842405021,69584465,USD
Algorand,29/07/2021,0.846006989,0.854811013,0.825987995,0.845517993,51426799,USD
Algorand,30/07/2021,0.846351981,0.85412401,0.809902012,0.852903008,69711314,USD
Algorand,31/07/2021,0.853193998,0.854964972,0.822157025,0.841248989,73099269,USD
Algorand,01/08/2021,0.837404013,0.876739025,0.803646028,0.814140975,83887687,USD
Algorand,02/08/2021,0.812789977,0.840047002,0.801645994,0.817776024,60873000,USD
Algorand,03/08/2021,0.81794399,0.836636007,0.790933013,0.816771984,60751767,USD
Algorand,04/08/2021,0.81893301,0.840901971,0.802627981,0.827781022,65385450,USD
Algorand,05/08/2021,0.828562975,0.859534025,0.813908994,0.851273,81805489,USD
Algorand,06/08/2021,0.850808024,0.869104981,0.823292971,0.854018986,84440081,USD
Algorand,07/08/2021,0.855001986,0.894613981,0.84673202,0.87549901,135880825,USD
Algorand,08/08/2021,0.876268029,0.885387003,0.817713022,0.825420976,98505146,USD
Algorand,09/08/2021,0.825115025,0.870793998,0.804666996,0.855410993,94570598,USD
Algorand,10/08/2021,0.856764019,0.90900898,0.838931024,0.882650971,120886357,USD
Algorand,11/08/2021,0.883154988,0.970306993,0.878440976,0.912203014,197509572,USD
Algorand,12/08/2021,0.912307024,0.965391994,0.855427027,0.882887006,189841237,USD
Algorand,13/08/2021,0.884922028,0.956125975,0.872214973,0.954635978,158827250,USD
Algorand,14/08/2021,0.954833984,0.978981972,0.914322019,0.932214975,179265801,USD
Algorand,15/08/2021,0.93265003,1.023643017,0.925939977,0.99645102,210688257,USD
Algorand,16/08/2021,0.99575597,1.02681303,0.937810004,0.94938302,197756775,USD
Algorand,17/08/2021,0.945496976,0.992729008,0.881542027,0.884724975,190876154,USD
Algorand,18/08/2021,0.883840024,0.962761998,0.85582,0.924821019,174784912,USD
Algorand,19/08/2021,0.922644019,1.071432948,0.913366973,1.044497967,369264543,USD
Algorand,20/08/2021,1.044278979,1.153408051,1.039739013,1.138164043,366283170,USD
Algorand,21/08/2021,1.138509989,1.221735954,1.09426105,1.147097945,358551641,USD
Algorand,22/08/2021,1.149165988,1.243795991,1.12211597,1.158164978,267624428,USD
Algorand,23/08/2021,1.158063054,1.186825991,1.110407948,1.159325004,203668605,USD
Algorand,24/08/2021,1.159540057,1.159708023,1.016381979,1.037632942,252498295,USD
Algorand,25/08/2021,1.040040016,1.079666972,1.001997948,1.063079953,206911229,USD
Algorand,26/08/2021,1.065292001,1.075626969,0.975323975,0.989956975,170261170,USD
Algorand,27/08/2021,0.990586996,1.065106988,0.961722016,1.065106988,171164127,USD
Algorand,28/08/2021,1.066113949,1.073235989,1.023506999,1.036795974,139083948,USD
Algorand,29/08/2021,1.038341999,1.066791058,1.000622988,1.021522999,138083109,USD
Algorand,30/08/2021,1.022680998,1.093533993,0.978783011,1.01899004,203189086,USD
Algorand,31/08/2021,1.01975596,1.168318033,1.004425049,1.116987944,374694037,USD
Algorand,01/09/2021,1.115751028,1.18463397,1.08019805,1.158854961,304393969,USD
Algorand,02/09/2021,1.158905029,1.177718043,1.126160026,1.145884991,184582918,USD
Algorand,03/09/2021,1.145539999,1.268931985,1.110254049,1.220742941,385617547,USD
Algorand,04/09/2021,1.218734026,1.238597989,1.192474961,1.207556009,259993218,USD
Algorand,05/09/2021,1.208488941,1.350057006,1.183208942,1.316671968,347343446,USD
Algorand,06/09/2021,1.31426096,1.486014009,1.295003057,1.467939973,563500077,USD
Algorand,07/09/2021,1.462106943,1.516561031,1.042346954,1.266266942,751895689,USD
Algorand,08/09/2021,1.267918944,1.956287026,1.234702945,1.92374897,3367355549,USD
Algorand,09/09/2021,1.952146053,2.4813869,1.682158947,2.312247992,4812069645,USD
Algorand,10/09/2021,2.300817013,2.425272942,1.848497033,2.004592896,2596891056,USD
Algorand,11/09/2021,2.011204004,2.283550978,1.970101953,1.983834982,1798923049,USD
Algorand,12/09/2021,1.994778991,2.470805883,1.911497951,2.379479885,2164056922,USD
Algorand,13/09/2021,2.381145,2.544702053,1.976940989,2.157169104,2298346470,USD
Algorand,14/09/2021,2.163547993,2.252638102,1.988922,2.037281036,1149444799,USD
Algorand,15/09/2021,2.037328959,2.085284948,2.002209902,2.01592207,727448265,USD
Algorand,16/09/2021,2.014628887,2.221954107,1.867660999,2.039315939,1313291453,USD
Algorand,17/09/2021,2.039433956,2.155976057,1.900513053,1.920464993,893672200,USD
Algorand,18/09/2021,1.921643972,2.126688957,1.896553993,2.072211027,811391354,USD
Algorand,19/09/2021,2.067090034,2.151181936,1.944314003,1.973453045,745020454,USD
Algorand,20/09/2021,1.973363996,1.975590944,1.554172993,1.650480032,1094994134,USD
Algorand,21/09/2021,1.671689987,1.823032022,1.530707955,1.57485497,837282638,USD
Algorand,22/09/2021,1.573030949,1.893342972,1.548954964,1.842123985,794461325,USD
Algorand,23/09/2021,1.845113039,2.050285101,1.791805983,2.005740881,904383367,USD
Algorand,24/09/2021,2.004822016,2.005732059,1.696169019,1.788689017,883429431,USD
Algorand,25/09/2021,1.787644982,1.812733054,1.696782947,1.733006954,502973449,USD
Algorand,26/09/2021,1.732646942,1.777510047,1.570410967,1.773633957,565724981,USD
Algorand,27/09/2021,1.781787038,1.852931976,1.670282006,1.674183011,667754720,USD
Algorand,28/09/2021,1.675228,1.718680024,1.554216027,1.561946988,535757746,USD
Algorand,29/09/2021,1.56693399,1.749660015,1.551558018,1.605074048,535584347,USD
Algorand,30/09/2021,1.60710299,1.659759045,1.574318051,1.628594995,490314234,USD
Algorand,01/10/2021,1.627094984,1.81159699,1.596160054,1.774297953,624507474,USD
Algorand,02/10/2021,1.773578048,1.882786036,1.711804032,1.777467012,602938373,USD
Algorand,03/10/2021,1.772786975,1.99691999,1.733641028,1.987661004,827903086,USD
Algorand,04/10/2021,1.984017968,2.092853069,1.890625954,1.933079004,1167834065,USD
Algorand,05/10/2021,1.937360048,2.060342073,1.923055053,1.953356028,633197149,USD
Algorand,06/10/2021,1.951910019,1.986896992,1.786259055,1.819465995,686265672,USD
Algorand,07/10/2021,1.81509304,1.933959961,1.754492044,1.888237,641358610,USD
Algorand,08/10/2021,1.889969945,1.998361945,1.880332947,1.899196982,596084288,USD
Algorand,09/10/2021,1.89586997,1.94788301,1.865494967,1.890509009,327236003,USD
Algorand,10/10/2021,1.891819954,1.892179012,1.762212038,1.771453023,276716327,USD
Algorand,11/10/2021,1.768067002,1.833448052,1.68007803,1.717525005,307108559,USD
Algorand,12/10/2021,1.717085004,1.75436604,1.608585954,1.744900942,411949621,USD
Algorand,13/10/2021,1.746279001,1.844707012,1.69265902,1.838683009,356995291,USD
Algorand,14/10/2021,1.837134957,1.88003397,1.780300975,1.804154992,337223002,USD
Algorand,15/10/2021,1.809252024,1.809252024,1.732818007,1.752943993,327662647,USD
Algorand,16/10/2021,1.753222942,1.847856998,1.735609055,1.796759009,353041362,USD
Algorand,17/10/2021,1.796792984,1.889161944,1.726619959,1.768144011,363795236,USD
Algorand,18/10/2021,1.769117951,1.786474943,1.715695977,1.736742973,212462805,USD
Algorand,19/10/2021,1.737732053,1.767560959,1.686496973,1.711153984,221010508,USD
Algorand,20/10/2021,1.710716963,1.821372986,1.688107014,1.788532972,274389721,USD
Algorand,21/10/2021,1.789692998,1.883406997,1.75662303,1.782410979,438671617,USD
Algorand,22/10/2021,1.784392953,1.938168049,1.772549987,1.859405994,534119389,USD
Algorand,23/10/2021,1.859549046,1.943055987,1.847947955,1.910205007,343212664,USD
Algorand,24/10/2021,1.910233021,1.919486046,1.782474995,1.816632986,265679600,USD
Algorand,25/10/2021,1.815521002,2.072838068,1.808488011,2.043942928,549366780,USD
Algorand,26/10/2021,2.048037052,2.099178076,1.95175302,2.037904024,632762093,USD
Algorand,27/10/2021,2.041632891,2.086174011,1.706375003,1.78867805,726406070,USD
Algorand,28/10/2021,1.788890958,1.879894972,1.755066037,1.848399997,504296756,USD
Algorand,29/10/2021,1.84660995,1.914175987,1.836298943,1.870479941,392802835,USD
Algorand,30/10/2021,1.875138044,1.876263976,1.788920999,1.819643974,258239743,USD
Algorand,31/10/2021,1.820924997,1.857766032,1.758337975,1.828690052,291738506,USD
Algorand,01/11/2021,1.828744054,1.866443992,1.77976799,1.833672047,285592980,USD
Algorand,02/11/2021,1.832942963,1.909098983,1.831421971,1.861832976,310956867,USD
Algorand,03/11/2021,1.862514019,1.972471952,1.826995015,1.92781496,466342620,USD
Algorand,04/11/2021,1.926252961,1.959828019,1.821810007,1.858965039,360452517,USD
Algorand,05/11/2021,1.86196804,1.914219975,1.832043052,1.848338008,257097471,USD
Algorand,06/11/2021,1.845919967,1.868011951,1.780585051,1.836958051,215086025,USD
Algorand,07/11/2021,1.838009953,1.872678041,1.821936011,1.865429997,189001016,USD
Algorand,08/11/2021,1.867661953,2.075134993,1.839524984,2.053812981,598547948,USD
Algorand,09/11/2021,2.048209906,2.056516886,1.934151053,1.944144011,430282326,USD
Algorand,10/11/2021,1.945690989,2.28854394,1.843909025,1.934533954,1096601258,USD
Algorand,11/11/2021,1.935207009,2.057811022,1.877416015,2.03125906,726397489,USD
Algorand,12/11/2021,2.024010897,2.339833021,2.00433898,2.150451899,1695116317,USD
Algorand,13/11/2021,2.145597935,2.161720991,2.035689116,2.082551003,684136646,USD
Algorand,14/11/2021,2.078079939,2.107322931,1.920421004,1.983129025,466084928,USD
Algorand,15/11/2021,1.984799027,2.009320974,1.86499095,1.889634967,469597579,USD
Algorand,16/11/2021,1.894657016,1.894657016,1.569854021,1.728312016,787276524,USD
Algorand,17/11/2021,1.726776004,1.762580991,1.598129988,1.660822988,579988526,USD
Algorand,18/11/2021,1.659154058,2.829822063,1.650707006,1.84584403,4203183528,USD
Algorand,19/11/2021,1.848139048,1.907366037,1.754578948,1.880408049,977648884,USD
Algorand,20/11/2021,1.880169034,1.904867053,1.758713961,1.836292982,458989518,USD
Algorand,21/11/2021,1.83907795,1.892230988,1.78389895,1.833935976,441289829,USD
Algorand,22/11/2021,1.832576036,1.838243008,1.716305017,1.735723019,453625871,USD
Algorand,23/11/2021,1.739385962,1.84948802,1.699246049,1.833480954,467341509,USD
Algorand,24/11/2021,1.837293029,1.870509028,1.721097946,1.789302945,481534594,USD
Algorand,25/11/2021,1.743252993,1.844580054,1.724642038,1.752958059,424162726,USD
Algorand,26/11/2021,1.820242047,1.822852969,1.594130993,1.596501946,572227584,USD
Algorand,27/11/2021,1.602864027,1.725486994,1.602864027,1.678012013,392327404,USD
Algorand,28/11/2021,1.681223989,1.713677049,1.583598018,1.711714983,339904708,USD
Algorand,29/11/2021,1.712651014,1.826689959,1.697671056,1.777569056,454280625,USD
Algorand,30/11/2021,1.773563981,1.873350978,1.735183954,1.81368196,511222408,USD
Algorand,01/12/2021,1.80962801,2.021070004,1.804039955,1.967895031,786558602,USD
Algorand,02/12/2021,1.962470055,2.042211056,1.852555037,1.883213997,636253482,USD
Algorand,03/12/2021,1.887895942,1.941583991,1.708497047,1.743517995,479972708,USD
Algorand,04/12/2021,1.75070703,1.75070703,1.348361015,1.651682973,783999565,USD
Algorand,05/12/2021,1.650184989,1.758483052,1.589668989,1.758483052,722379679,USD
Algorand,06/12/2021,1.763416052,1.855473042,1.617125988,1.77215898,973252801,USD
Algorand,07/12/2021,1.76949203,1.809815049,1.666272998,1.690443039,454987178,USD
Algorand,08/12/2021,1.687548995,1.700827003,1.599421024,1.697752953,278239642,USD
Algorand,09/12/2021,1.697209954,1.714090943,1.549767017,1.549767017,314638284,USD
Algorand,10/12/2021,1.549911976,1.598065972,1.457802057,1.460471034,286266331,USD
Algorand,11/12/2021,1.462659955,1.572743058,1.436053038,1.526278019,232678452,USD
Algorand,12/12/2021,1.527011037,1.566401005,1.511222959,1.542000055,170703415,USD
Algorand,13/12/2021,1.542283058,1.558851004,1.319556952,1.32139802,300354759,USD
Algorand,14/12/2021,1.319834948,1.383757949,1.313722014,1.323860049,280207962,USD
Algorand,15/12/2021,1.380512953,1.453650951,1.306432009,1.426743984,252046202,USD
Algorand,16/12/2021,1.426998973,1.465679049,1.383131981,1.387747049,189299840,USD
Algorand,17/12/2021,1.387920976,1.402780056,1.318742037,1.348423004,176972348,USD
Algorand,18/12/2021,1.349061966,1.400576949,1.326987982,1.378618956,158325734,USD
Algorand,19/12/2021,1.378906965,1.420832038,1.353528023,1.355569005,156250486,USD
Algorand,20/12/2021,1.355818033,1.35740304,1.256715059,1.295359969,204808978,USD
Algorand,21/12/2021,1.294903994,1.361922026,1.292008996,1.355628967,234354957,USD
Algorand,22/12/2021,1.358134031,1.415246964,1.344715953,1.363355994,245406695,USD
Algorand,23/12/2021,1.363144994,1.486420035,1.34484601,1.466691017,315085977,USD
Algorand,24/12/2021,1.470723033,1.648553967,1.447510004,1.573940039,541193577,USD
Algorand,25/12/2021,1.576326966,1.599509954,1.534435034,1.572939038,291169833,USD
Algorand,26/12/2021,1.574748039,1.641880989,1.547603965,1.608536959,429413185,USD
Algorand,27/12/2021,1.607259035,1.724742055,1.581061959,1.658262014,435558660,USD
Algorand,11/01/2022,1.367938995,1.449764967,1.351716042,1.446629047,365010965,USD
Algorand,12/01/2022,1.446650028,1.501772046,1.440911055,1.493607044,455700299,USD
Algorand,13/01/2022,1.49356699,1.497789979,1.345790982,1.357751012,555873527,USD
Algorand,14/01/2022,1.35809803,1.409754992,1.331007957,1.384963989,419744861,USD
Algorand,29/01/2022,0.956735015,1.005162001,0.956735015,0.967954993,222784574,USD
Algorand,30/01/2022,0.968240023,0.987349987,0.931806028,0.945255995,192809164,USD
Algorand,31/01/2022,0.945245981,0.96895802,0.907208025,0.952808022,221403280,USD
Algorand,01/02/2022,0.952387989,0.989857018,0.948499978,0.967095017,207613436,USD
Algorand,02/02/2022,0.967051029,1.028664947,0.923541009,0.924892008,324540676,USD
Algorand,01/03/2022,0.867389977,0.893119991,0.84027499,0.856131017,372474801,USD
Algorand,02/03/2022,0.856171012,0.857436001,0.811191022,0.820204973,333382423,USD
Algorand,03/03/2022,0.820194006,0.849824011,0.790475011,0.797712028,414025663,USD
Algorand,04/03/2022,0.797780991,0.808963001,0.754001975,0.76030302,280784209,USD
Algorand,05/03/2022,0.760451019,0.776678979,0.746316016,0.773814976,177046735,USD
Algorand,06/03/2022,0.773805976,0.781176984,0.745678008,0.74742198,173058832,USD
Algorand,09/03/2022,0.73971498,0.779073,0.73971498,0.768778026,162926708,USD
Algorand,10/03/2022,0.768469989,0.779612005,0.724753022,0.731209993,161145479,USD
Algorand,11/03/2022,0.731144011,0.731144011,0.700802028,0.703804016,147997239,USD
Algorand,12/03/2022,0.70361203,0.720863998,0.70282501,0.706041992,81992079,USD
Algorand,13/03/2022,0.705847025,0.715653002,0.678202987,0.682473004,84245362,USD
Algorand,14/03/2022,0.682429016,0.708386004,0.676032007,0.706906974,140799440,USD
Algorand,15/03/2022,0.706858993,0.726255,0.681438982,0.716973007,179073279,USD
Algorand,16/03/2022,0.716948986,0.737878025,0.699377,0.737240016,206146303,USD
Algorand,17/03/2022,0.737267971,0.759931982,0.723381996,0.74307698,200041284,USD
Algorand,20/04/2022,0.75949198,0.770415008,0.733057976,0.741325021,169080903,USD
Algorand,21/04/2022,0.741281986,0.770056009,0.71153003,0.718712986,220325412,USD
Algorand,22/04/2022,0.718635976,0.731238008,0.713056982,0.720447004,143442976,USD
Algorand,23/04/2022,0.720277011,0.722684026,0.706021011,0.708087981,111792484,USD
Algorand,24/04/2022,0.707912982,0.714272022,0.698625028,0.700632989,99169601,USD
Algorand,25/04/2022,0.700833976,0.705410004,0.65733099,0.703314006,217293783,USD
Algorand,26/04/2022,0.703263998,0.722779989,0.646852016,0.655285001,213615375,USD
Algorand,27/04/2022,0.655430019,0.677528977,0.650865018,0.670328975,154129144,USD
Algorand,28/04/2022,0.670432985,0.712970972,0.663562,0.699503005,227820442,USD
Algorand,29/04/2022,0.699298978,0.707520008,0.623248994,0.636792004,214364306,USD
Algorand,09/05/2022,0.734659016,0.752187073,0.628580749,0.642839313,542788352,USD
