Coin Name,Date,Open,High,Low,Close,Volume,Currency
ApeCoin,01/10/2020,0.757586002,0.814813018,0.603258014,0.66909802,0,USD
ApeCoin,02/10/2020,0.66909802,0.727678001,0.507157028,0.529217005,0,USD
ApeCoin,03/10/2020,0.529217005,0.89389199,0.289635986,0.843147993,0,USD
ApeCoin,04/10/2020,0.86311698,0.863182008,0.683578014,0.75435698,0,USD
ApeCoin,05/10/2020,0.75435698,1.24950397,0.671998024,1.19509995,0,USD
ApeCoin,06/10/2020,1.19509995,1.605931044,0.865772009,1.121338964,171905,USD
ApeCoin,07/10/2020,1.139492989,1.190407038,0.907666028,1.031944036,49715,USD
ApeCoin,08/10/2020,1.031944036,1.032008052,0.887507021,0.913591027,25700,USD
ApeCoin,09/10/2020,0.911738992,1.133788943,0.894959986,1.05745697,35450,USD
ApeCoin,10/10/2020,1.057181954,1.14864099,1.056853056,1.089617014,7504,USD
ApeCoin,11/10/2020,1.091102004,1.106264949,0.927388012,0.938681006,43592,USD
ApeCoin,12/10/2020,0.938681006,1.060683012,0.919359028,0.938651979,40296,USD
ApeCoin,13/10/2020,0.943616986,0.962279975,0.70648998,0.775777996,27040,USD
ApeCoin,14/10/2020,0.77579999,0.944380999,0.717737019,0.94394201,89485,USD
ApeCoin,15/10/2020,0.94394201,1.142045975,0.752903998,0.93799901,144103,USD
ApeCoin,16/10/2020,0.959717989,0.96529001,0.76742202,0.787397027,38345,USD
ApeCoin,17/10/2020,0.787397027,0.905902028,0.780228019,0.853887022,12062,USD
ApeCoin,18/10/2020,0.853484988,0.856930971,0.774410009,0.802999973,6971,USD
ApeCoin,19/10/2020,0.802999973,0.804428995,0.037813,0.375983,418924,USD
ApeCoin,20/10/2020,0.375983,0.375983,0.120669,0.280373991,163803,USD
ApeCoin,21/10/2020,0.280351013,0.282959014,0.158639997,0.200590998,29480,USD
ApeCoin,22/10/2020,0.196502998,0.427219003,0.196502998,0.32129699,24733,USD
ApeCoin,23/10/2020,0.314969987,0.321442991,0.25464201,0.274010986,0,USD
ApeCoin,24/10/2020,0.273999006,0.33535099,0.257308006,0.267176986,13014,USD
ApeCoin,25/10/2020,0.267170995,0.280687004,0.217184007,0.258991987,12890,USD
ApeCoin,26/10/2020,0.258993,0.326664001,0.252108991,0.326617986,13992,USD
ApeCoin,27/10/2020,0.32663399,0.383635014,0.296398997,0.346302003,16829,USD
ApeCoin,28/10/2020,0.346332014,0.361496001,0.282669991,0.311435997,14215,USD
ApeCoin,29/10/2020,0.311452001,0.332547992,0.281998008,0.282941997,5004,USD
ApeCoin,30/10/2020,0.282938987,0.289748996,0.240731999,0.257486999,14519,USD
ApeCoin,31/10/2020,0.257488996,0.259447992,0.230721995,0.245621994,3314,USD
ApeCoin,01/11/2020,0.245648995,0.247134,0.192578003,0.201126993,5823,USD
ApeCoin,02/11/2020,0.201134995,0.207431003,0.187298,0.197167993,11311,USD
ApeCoin,03/11/2020,0.197184995,0.309460014,0.191923007,0.263054997,9764,USD
ApeCoin,04/11/2020,0.26304999,0.277126998,0.189061999,0.198008999,5476,USD
ApeCoin,05/11/2020,0.198012993,0.222497001,0.191229999,0.205943003,4556,USD
ApeCoin,06/11/2020,0.205941007,0.215581998,0.197449997,0.214424998,2201,USD
ApeCoin,07/11/2020,0.214488998,0.261032999,0.190239996,0.235544994,11537,USD
ApeCoin,08/11/2020,0.235837996,0.240426004,0.228742003,0.230098993,934,USD
ApeCoin,09/11/2020,0.230119005,0.240895003,0.222271994,0.235652,1144,USD
ApeCoin,10/11/2020,0.235649005,0.241823003,0.231466994,0.234448001,743,USD
ApeCoin,11/11/2020,0.234337002,0.241779998,0.222778007,0.235789999,1489,USD
ApeCoin,12/11/2020,0.235789001,0.235793993,0.203569993,0.214406997,2823,USD
ApeCoin,13/11/2020,0.214330003,0.235074997,0.206706002,0.216154993,4483,USD
ApeCoin,14/11/2020,0.216267005,0.216569006,0.198134005,0.212527007,1600,USD
ApeCoin,15/11/2020,0.212537006,0.243626997,0.197882995,0.216352999,6530,USD
ApeCoin,16/11/2020,0.216363996,0.407858998,0.214255005,0.316879004,26800,USD
ApeCoin,17/11/2020,0.31102699,0.343573004,0.305435002,0.34020099,4528,USD
ApeCoin,18/11/2020,0.340036005,0.353570014,0.294667006,0.331101,4976,USD
ApeCoin,19/11/2020,0.331135005,0.333900988,0.313257009,0.323177993,1907,USD
ApeCoin,20/11/2020,0.323181003,0.401838005,0.322544992,0.36164099,3501,USD
ApeCoin,21/11/2020,0.361620009,0.398519009,0.327805996,0.397753,4065,USD
ApeCoin,22/11/2020,0.397747993,0.398999006,0.241456002,0.241456002,7489,USD
ApeCoin,23/11/2020,0.241442993,0.348513007,0.212491006,0.344850987,42968,USD
ApeCoin,24/11/2020,0.344841987,0.349341989,0.324568003,0.342031002,5148,USD
ApeCoin,25/11/2020,0.342029989,0.379332989,0.32575199,0.351707995,7187,USD
ApeCoin,26/11/2020,0.351707995,0.35512799,0.296732008,0.324606001,1609,USD
ApeCoin,27/11/2020,0.324627995,0.331988007,0.310139,0.32229799,145,USD
ApeCoin,28/11/2020,0.322308004,0.329459995,0.284249991,0.309630007,5756,USD
ApeCoin,29/11/2020,0.309635013,0.354196012,0.306665987,0.340779006,7851,USD
ApeCoin,30/11/2020,0.340781987,0.435360014,0.340054989,0.383700997,11045,USD
ApeCoin,01/12/2020,0.383680999,0.384600013,0.309650987,0.313897014,5203,USD
ApeCoin,02/12/2020,0.313901007,0.34266001,0.308959991,0.320764989,10070,USD
ApeCoin,03/12/2020,0.320757985,0.339567989,0.316047013,0.327068001,3438,USD
ApeCoin,04/12/2020,0.327066988,0.32751599,0.287927002,0.288040996,2093,USD
ApeCoin,05/12/2020,0.288040012,0.309697002,0.285412997,0.304461002,4055,USD
ApeCoin,06/12/2020,0.304457009,0.328736991,0.295565009,0.300980002,6707,USD
ApeCoin,07/12/2020,0.300987005,0.30101499,0.280681014,0.280871987,1267,USD
ApeCoin,08/12/2020,0.280865997,0.296218008,0.262908012,0.264052004,7810,USD
ApeCoin,09/12/2020,0.264052987,0.297722012,0.262457013,0.288681,4370,USD
ApeCoin,10/12/2020,0.288688987,0.289012998,0.264223009,0.278118998,2038,USD
ApeCoin,11/12/2020,0.278109014,0.278127998,0.259856999,0.260971993,890,USD
ApeCoin,12/12/2020,0.260978997,0.286074996,0.248303995,0.283535987,5980,USD
ApeCoin,13/12/2020,0.283542991,0.286498994,0.275442004,0.278474003,1524,USD
ApeCoin,14/12/2020,0.27847901,0.292302012,0.276928991,0.290499002,1239,USD
ApeCoin,15/12/2020,0.290488988,0.418868989,0.256529987,0.355756998,34342,USD
ApeCoin,16/12/2020,0.355769008,0.559270978,0.314298987,0.559270978,43773,USD
ApeCoin,17/12/2020,0.559261024,0.563400984,0.404448986,0.415951014,21361,USD
ApeCoin,18/12/2020,0.41594401,0.641098022,0.375436991,0.622496009,38939,USD
ApeCoin,19/12/2020,0.622505009,0.627160013,0.355969995,0.415273011,88758,USD
ApeCoin,20/12/2020,0.415277004,0.416125,0.371560007,0.402029991,6749,USD
ApeCoin,21/12/2020,0.402031004,0.402031004,0.337659001,0.375342995,23489,USD
ApeCoin,22/12/2020,0.375333011,0.404011011,0.325536996,0.34998101,53028,USD
ApeCoin,23/12/2020,0.349983007,0.351256013,0.248644993,0.248644993,24349,USD
ApeCoin,24/12/2020,0.248652995,0.260298997,0.230250001,0.259644985,41270,USD
ApeCoin,25/12/2020,0.259633005,0.267369986,0.216067001,0.229457006,12380,USD
ApeCoin,26/12/2020,0.229461998,0.231730998,0.220117003,0.223072007,2189,USD
ApeCoin,27/12/2020,0.223068997,0.265994996,0.220699996,0.255872011,5513,USD
ApeCoin,28/12/2020,0.255874991,0.273487985,0.246162996,0.249611005,6701,USD
ApeCoin,29/12/2020,0.249613002,0.251657993,0.219999,0.223157004,6247,USD
ApeCoin,30/12/2020,0.223149002,0.226061001,0.178630993,0.197347,17448,USD
ApeCoin,31/12/2020,0.197341993,0.198111996,0.188788995,0.193627998,1343,USD
ApeCoin,01/01/2021,0.193627,0.196535006,0.189594999,0.192119002,78,USD
ApeCoin,02/01/2021,0.192122996,0.204938993,0.189377993,0.198762,3435,USD
ApeCoin,03/01/2021,0.198781997,0.263469994,0.197802007,0.256752998,2542,USD
ApeCoin,04/01/2021,0.256743997,0.300065011,0.241105005,0.25722599,3626,USD
ApeCoin,05/01/2021,0.257221997,0.288129985,0.241403997,0.256305993,14762,USD
ApeCoin,06/01/2021,0.256406993,0.258697003,0.214020997,0.228162006,14135,USD
ApeCoin,07/01/2021,0.228146002,0.236100003,0.220193997,0.226206005,1604,USD
ApeCoin,08/01/2021,0.226349995,0.227487996,0.198078007,0.210715994,4193,USD
ApeCoin,09/01/2021,0.210715994,0.229583994,0.201979995,0.224388003,4473,USD
ApeCoin,10/01/2021,0.224398002,0.234408006,0.207477003,0.219734997,254,USD
ApeCoin,11/01/2021,0.219738007,0.220099002,0.153173,0.180035993,2440,USD
ApeCoin,12/01/2021,0.180049002,0.188709006,0.165349007,0.166988,3406,USD
ApeCoin,13/01/2021,0.166976005,0.172742993,0.159706995,0.171930999,2515,USD
ApeCoin,14/01/2021,0.171932995,0.174124002,0.153001994,0.164851993,5999,USD
ApeCoin,15/01/2021,0.164858997,0.169643998,0.147597998,0.151521996,2350,USD
ApeCoin,16/01/2021,0.151521996,0.165457994,0.143468007,0.143480003,5012,USD
ApeCoin,17/01/2021,0.143482,0.145535007,0.126671001,0.126671001,5356,USD
ApeCoin,18/01/2021,0.126673996,0.127880007,0.101168998,0.104650997,9574,USD
ApeCoin,19/01/2021,0.104648001,0.119154997,0.104497999,0.115125999,604,USD
ApeCoin,20/01/2021,0.115126997,0.116797999,0.103710003,0.111832999,1129,USD
ApeCoin,21/01/2021,0.111832999,0.111882001,0.089134999,0.090253003,114,USD
ApeCoin,22/01/2021,0.090256996,0.102835998,0.084967002,0.099726997,0,USD
ApeCoin,23/01/2021,0.099721998,0.102426998,0.097112,0.099183999,0,USD
ApeCoin,24/01/2021,0.099182002,0.109846003,0.098963,0.104930997,2681,USD
ApeCoin,25/01/2021,0.104929,0.110039003,0.099206999,0.100285999,266,USD
ApeCoin,26/01/2021,0.100284003,0.104131997,0.094067998,0.101967998,289,USD
ApeCoin,27/01/2021,0.101966001,0.102836996,0.091286004,0.094111003,94,USD
ApeCoin,28/01/2021,0.094100997,0.095268004,0.088688999,0.092500001,2957,USD
ApeCoin,29/01/2021,0.092501998,0.110431999,0.091174997,0.108754002,6036,USD
ApeCoin,30/01/2021,0.108753003,0.112304002,0.104893997,0.111933999,1168,USD
ApeCoin,31/01/2021,0.111933,0.125527993,0.104643002,0.125472993,6478,USD
ApeCoin,01/02/2021,0.125470996,0.165060997,0.121382996,0.125650004,52974,USD
ApeCoin,02/02/2021,0.125657007,0.150824994,0.125595003,0.148586005,6557,USD
ApeCoin,03/02/2021,0.148587003,0.168760002,0.145548001,0.168760002,5659,USD
ApeCoin,04/02/2021,0.168760002,0.197264999,0.166771993,0.191943005,9238,USD
ApeCoin,05/02/2021,0.191943005,0.196937993,0.185249001,0.188091993,5497,USD
ApeCoin,06/02/2021,0.188091993,0.190017,0.180307999,0.182716995,1038,USD
ApeCoin,07/02/2021,0.182715997,0.183552995,0.154551998,0.158914998,3880,USD
ApeCoin,08/02/2021,0.158914998,0.172656998,0.154571995,0.161218002,5793,USD
ApeCoin,09/02/2021,0.161207005,0.170489997,0.15614,0.157427996,2639,USD
ApeCoin,10/02/2021,0.157418996,0.162165001,0.149908006,0.153855994,327,USD
ApeCoin,11/02/2021,0.153853998,0.157626003,0.145686999,0.147580996,2362,USD
ApeCoin,12/02/2021,0.147582993,0.162967995,0.140189007,0.161485001,5387,USD
ApeCoin,13/02/2021,0.161485001,0.204850003,0.147922993,0.152775005,27429,USD
ApeCoin,14/02/2021,0.152775005,0.188244,0.140274003,0.186518997,13566,USD
ApeCoin,15/02/2021,0.186520994,0.190724,0.173971996,0.185106993,1492,USD
ApeCoin,16/02/2021,0.185115993,0.189772993,0.177681997,0.182493001,595,USD
ApeCoin,17/02/2021,0.182496995,0.200635999,0.177687004,0.199623004,2276,USD
ApeCoin,18/02/2021,0.199624002,0.208413005,0.199567005,0.206825003,414,USD
ApeCoin,19/02/2021,0.206827998,0.415975988,0.201289997,0.402565986,117182,USD
ApeCoin,20/02/2021,0.402570993,0.952403009,0.384238005,0.538699985,168050,USD
ApeCoin,21/02/2021,0.538703978,0.559274018,0.378823012,0.398389995,14291,USD
ApeCoin,22/02/2021,0.398380995,0.408564001,0.310754001,0.396703988,14029,USD
ApeCoin,23/02/2021,0.39705801,0.398137003,0.28213799,0.326965988,1771,USD
ApeCoin,24/02/2021,0.326961011,0.365888,0.254916996,0.260830998,14721,USD
ApeCoin,25/02/2021,0.260827005,0.264512986,0.176973,0.178305,6859,USD
ApeCoin,26/02/2021,0.178298995,0.207598001,0.169434994,0.192724004,1999,USD
ApeCoin,27/02/2021,0.192717999,0.262198001,0.192717999,0.213015005,10541,USD
ApeCoin,28/02/2021,0.213016003,0.214782,0.150750995,0.211950004,20845,USD
ApeCoin,01/03/2021,0.211950004,0.60907203,0.211140007,0.367904991,74995,USD
ApeCoin,02/03/2021,0.367917001,0.385264009,0.341856003,0.384995013,9767,USD
ApeCoin,03/03/2021,0.384990007,0.588497996,0.383929014,0.520485997,50295,USD
ApeCoin,04/03/2021,0.520452023,0.739959002,0.021864001,0.022252001,0,USD
ApeCoin,05/03/2021,0.022252999,0.063065998,0.020961,0.022139,0,USD
ApeCoin,06/03/2021,0.02214,0.024163,0.021976,0.024021,0,USD
ApeCoin,07/03/2021,0.024021,0.025024001,0.023668,0.024981,0,USD
ApeCoin,08/03/2021,0.024979999,0.026528001,0.024211001,0.026528001,0,USD
ApeCoin,09/03/2021,0.026529999,0.026954999,0.026028,0.026954999,0,USD
ApeCoin,10/03/2021,0.026955999,0.027069001,0.025536001,0.026055999,0,USD
ApeCoin,11/03/2021,0.026055999,0.026639,0.025029,0.026396001,0,USD
ApeCoin,12/03/2021,0.026396001,0.026497999,0.025033001,0.025573,0,USD
ApeCoin,13/03/2021,0.025582001,0.028036,0.025036,0.027886,0,USD
ApeCoin,14/03/2021,0.027886,0.027886,0.026712,0.027068,0,USD
ApeCoin,15/03/2021,0.027068,0.02727,0.025312999,0.025898,0,USD
ApeCoin,16/03/2021,0.025898,0.026227999,0.024865,0.026006,0,USD
ApeCoin,17/03/2021,0.026006,0.026922001,0.025526,0.026504001,0,USD
ApeCoin,18/03/2021,0.026509,0.026856,0.025689,0.025870999,0,USD
ApeCoin,19/03/2021,0.025875,0.026608,0.025286,0.026231,0,USD
ApeCoin,20/03/2021,0.026249001,3.338938951,0.026221,2.912710905,134352,USD
ApeCoin,21/03/2021,2.911669016,3.524355888,2.480545998,2.679922104,206902,USD
ApeCoin,22/03/2021,2.680530071,2.820871115,2.675278902,2.811362028,214134,USD
ApeCoin,06/04/2021,0.274105996,0.297933996,0.250645012,0.263422012,17912,USD
ApeCoin,07/04/2021,0.263485998,0.309276998,0.240338996,0.244050995,24366,USD
ApeCoin,08/04/2021,0.243991002,0.254914999,0.238422006,0.241769001,14509,USD
ApeCoin,09/04/2021,0.241684005,0.241928995,0.225084007,0.229994997,21108,USD
ApeCoin,10/04/2021,0.229818001,0.234734997,0.191484004,0.209857002,13503,USD
ApeCoin,11/04/2021,0.209986001,0.226915002,0.208002001,0.223513007,10586,USD
ApeCoin,12/04/2021,0.223590001,0.273627013,0.217494994,0.234668002,27005,USD
ApeCoin,13/04/2021,0.234679997,0.235301003,0.212346002,0.212834999,0,USD
ApeCoin,14/04/2021,0.212725997,0.216499999,0.204735994,0.209007993,36487,USD
ApeCoin,15/04/2021,0.209434003,0.213220999,0.198090002,0.198502004,33031,USD
ApeCoin,16/04/2021,0.198455006,0.200037003,0.187259004,0.188173994,0,USD
ApeCoin,17/04/2021,0.188113004,0.194002002,0.187426001,0.188511997,0,USD
ApeCoin,18/04/2021,0.188246995,0.189629003,0.165378004,0.173618004,0,USD
ApeCoin,19/04/2021,0.173555002,0.186394006,0.171084002,0.185957,0,USD
ApeCoin,20/04/2021,0.186057001,0.206520006,0.180048004,0.206520006,0,USD
ApeCoin,21/04/2021,0.206598997,0.216029003,0.196275994,0.202522993,0,USD
ApeCoin,22/04/2021,0.202453002,0.206709996,0.112129003,0.117948003,6430,USD
ApeCoin,23/04/2021,0.117922999,0.120102003,0.106237002,0.118012004,1210,USD
ApeCoin,24/04/2021,0.118077002,0.127520993,0.111263998,0.122441001,2737,USD
ApeCoin,25/04/2021,0.122423001,0.133212999,0.119569004,0.130788997,4363,USD
ApeCoin,26/04/2021,0.131053999,0.141996995,0.126824006,0.129933998,2029,USD
ApeCoin,27/04/2021,0.130189002,0.141523004,0.128520995,0.134618998,1323,USD
ApeCoin,28/04/2021,0.134258002,0.139292002,0.128002003,0.131955996,1474,USD
ApeCoin,29/04/2021,0.131960005,0.163029999,0.130432993,0.151354998,8596,USD
ApeCoin,30/04/2021,0.151264995,0.165099993,0.144843996,0.164275005,2602,USD
ApeCoin,01/05/2021,0.164523005,0.169929996,0.151045993,0.160224006,6404,USD
ApeCoin,02/05/2021,0.159986004,0.186261997,0.159986004,0.184419006,14728,USD
ApeCoin,03/05/2021,0.184532002,0.205190003,0.184163004,0.199985996,16362,USD
ApeCoin,04/05/2021,0.199201003,0.203667998,0.161998004,0.162286997,25182,USD
ApeCoin,05/05/2021,0.162406996,0.176874995,0.161567003,0.172303006,1699,USD
ApeCoin,06/05/2021,0.172340006,0.177065,0.161486998,0.171278,599,USD
ApeCoin,07/05/2021,0.173307002,0.177450001,0.155760005,0.160943002,428,USD
ApeCoin,08/05/2021,0.161089003,0.165636003,0.149405003,0.158335,2453,USD
ApeCoin,09/05/2021,0.158902004,0.169548005,0.151292995,0.153189003,2722,USD
ApeCoin,10/05/2021,0.153281003,0.161097005,0.145858005,0.152979001,967,USD
ApeCoin,11/05/2021,0.153277993,0.210454002,0.133334994,0.187428996,9631,USD
ApeCoin,12/05/2021,0.188344002,0.206146002,0.170057997,0.182566002,12030,USD
ApeCoin,13/05/2021,0.181624994,0.183017001,0.148879007,0.154946998,1923,USD
ApeCoin,14/05/2021,0.155542001,0.186147004,0.154106006,0.184136003,6667,USD
ApeCoin,15/05/2021,0.184202999,0.190926,0.162706003,0.164480999,8018,USD
ApeCoin,16/05/2021,0.163804993,0.170662001,0.127798006,0.137030005,4576,USD
ApeCoin,17/05/2021,0.136923999,0.137219995,0.113651998,0.123758003,2433,USD
ApeCoin,18/05/2021,0.123774998,0.128581002,0.118202001,0.119712003,2830,USD
ApeCoin,19/05/2021,0.119594,0.121978,0.076043002,0.080443002,666,USD
ApeCoin,20/05/2021,0.08264,0.096956998,0.067651004,0.083529003,1333,USD
ApeCoin,21/05/2021,0.083595999,0.088435002,0.065645002,0.074063003,1385,USD
ApeCoin,22/05/2021,0.074069999,0.079999,0.068861999,0.070734002,750,USD
ApeCoin,23/05/2021,0.070655003,0.075570002,0.052181002,0.059074,729,USD
ApeCoin,24/05/2021,0.058789998,0.075672999,0.056929,0.075612999,1753,USD
ApeCoin,25/05/2021,0.075425997,0.081522003,0.067671999,0.079392001,1034,USD
ApeCoin,26/05/2021,0.079456002,0.088399,0.078527004,0.085083,884,USD
ApeCoin,27/05/2021,0.084999003,0.096316002,0.076583996,0.091751002,1495,USD
ApeCoin,28/05/2021,0.091926999,0.101579003,0.082438,0.098918997,1762,USD
ApeCoin,29/05/2021,0.098931,0.102845997,0.086956002,0.088353001,707,USD
ApeCoin,30/05/2021,0.088418998,0.102197997,0.084825002,0.094701,2658,USD
ApeCoin,31/05/2021,0.094726004,0.116939999,0.089933001,0.116508998,1345,USD
ApeCoin,01/06/2021,0.116545998,0.147846997,0.116536997,0.146383002,2843,USD
ApeCoin,02/06/2021,0.146549001,0.194549993,0.142801002,0.153381005,5432,USD
ApeCoin,03/06/2021,0.153353006,0.161835,0.138800994,0.161075994,10072,USD
ApeCoin,04/06/2021,0.161109,0.164554998,0.124828003,0.126053005,5249,USD
ApeCoin,05/06/2021,0.126300007,0.134225994,0.099587999,0.102558002,1906,USD
ApeCoin,06/06/2021,0.102467,0.110762,0.097461,0.099206001,1742,USD
ApeCoin,07/06/2021,0.099224001,0.102870002,0.090372004,0.090372004,0,USD
ApeCoin,08/06/2021,0.090426996,0.092091002,0.081193998,0.088887997,0,USD
ApeCoin,09/06/2021,0.088924997,0.094599001,0.084426001,0.094365001,0,USD
ApeCoin,10/06/2021,0.094346002,0.094503999,0.087425001,0.089057997,0,USD
ApeCoin,11/06/2021,0.089024998,0.091553003,0.086516999,0.086952001,0,USD
ApeCoin,12/06/2021,0.086993001,0.087811001,0.082258999,0.086836003,0,USD
ApeCoin,13/06/2021,0.086797997,0.092435002,0.083665997,0.091825001,0,USD
ApeCoin,14/06/2021,0.091871001,0.110016003,0.090163998,0.092586003,1,USD
ApeCoin,15/06/2021,0.110737003,0.112112001,0.099234998,0.110500999,1006,USD
ApeCoin,16/06/2021,0.100126997,0.100126997,0.091705002,0.092138,1181,USD
ApeCoin,17/06/2021,0.092188999,0.096584998,0.091886997,0.094019003,246,USD
ApeCoin,18/06/2021,0.094154999,0.095830001,0.087824002,0.092546001,784,USD
ApeCoin,19/06/2021,0.092610002,0.093725003,0.086535998,0.086763002,1335,USD
ApeCoin,20/06/2021,0.086768001,0.087204002,0.069925003,0.070072003,2862,USD
ApeCoin,21/06/2021,0.070146002,0.070386998,0.054568,0.054568,2028,USD
ApeCoin,22/06/2021,0.054536998,0.058323,0.046330001,0.053610001,456,USD
ApeCoin,23/06/2021,0.053592999,0.062674001,0.052141,0.060164001,165,USD
ApeCoin,24/06/2021,0.060619,0.064124003,0.057936002,0.062772997,147,USD
ApeCoin,25/06/2021,0.062859997,0.063624002,0.055737,0.057730999,130,USD
ApeCoin,26/06/2021,0.057712,0.058745999,0.054025002,0.056253999,0,USD
ApeCoin,27/06/2021,0.056334998,0.058713999,0.055222001,0.058713999,1,USD
ApeCoin,28/06/2021,0.058727,0.060741,0.057824001,0.059335999,26,USD
ApeCoin,29/06/2021,0.059367999,0.063767999,0.059367999,0.061019,70,USD
ApeCoin,30/06/2021,0.061053,0.061512001,0.057324,0.061480001,44,USD
ApeCoin,01/07/2021,0.061485998,0.061487999,0.054717001,0.055388998,269,USD
ApeCoin,02/07/2021,0.055314999,0.064176999,0.053427,0.063161001,1263,USD
ApeCoin,03/07/2021,0.062835999,0.064975001,0.061393999,0.063345,986,USD
ApeCoin,04/07/2021,0.063349001,0.075549997,0.06174,0.071203999,340,USD
ApeCoin,05/07/2021,0.071217999,0.075383998,0.064525001,0.068412997,327,USD
ApeCoin,06/07/2021,0.068544,0.070625998,0.065539002,0.069816001,47,USD
ApeCoin,07/07/2021,0.069753997,0.072471,0.057936002,0.061978001,2194,USD
ApeCoin,08/07/2021,0.061758999,0.061912,0.057539001,0.057912,2006,USD
ApeCoin,09/07/2021,0.058240999,0.059266001,0.056310002,0.058164999,378,USD
ApeCoin,10/07/2021,0.058162,0.059296001,0.056745999,0.057686001,431,USD
ApeCoin,11/07/2021,0.057697002,0.060059998,0.057234,0.058965001,57,USD
ApeCoin,12/07/2021,0.058899999,0.061868999,0.057762999,0.058786999,118,USD
ApeCoin,13/07/2021,0.058782,0.058804002,0.051566001,0.052039001,1118,USD
ApeCoin,14/07/2021,0.052049998,0.052852001,0.049254,0.052317999,1008,USD
ApeCoin,15/07/2021,0.052418001,0.054776002,0.049832001,0.050675999,161,USD
ApeCoin,16/07/2021,0.050657999,0.051826999,0.047463,0.047501002,462,USD
ApeCoin,17/07/2021,0.047490999,0.047492001,0.045952,0.046810001,300,USD
ApeCoin,18/07/2021,0.046707001,0.048698001,0.046495002,0.047596999,75,USD
ApeCoin,19/07/2021,0.047623999,0.047812998,0.044303,0.044422001,98,USD
ApeCoin,20/07/2021,0.044406999,0.044631999,0.040403999,0.041579001,242,USD
ApeCoin,21/07/2021,0.041563001,0.046472002,0.041053001,0.045671999,341,USD
ApeCoin,22/07/2021,0.045653999,0.046728,0.044819001,0.045630999,177,USD
ApeCoin,23/07/2021,0.045612,0.04693,0.043249998,0.046068002,116,USD
ApeCoin,24/07/2021,0.046154,0.047873002,0.045620002,0.046831001,100,USD
ApeCoin,25/07/2021,0.04682,0.046902999,0.044294,0.045554999,181,USD
ApeCoin,26/07/2021,0.04566,0.048843998,0.045561001,0.045979999,172,USD
ApeCoin,27/07/2021,0.045961,0.049862001,0.044847999,0.048418999,404,USD
ApeCoin,28/07/2021,0.048565,0.063445002,0.04764,0.063198,2007,USD
ApeCoin,29/07/2021,0.063308001,0.063671,0.057537999,0.059232,2220,USD
ApeCoin,30/07/2021,0.059229001,0.060631,0.053156,0.054861002,1047,USD
ApeCoin,31/07/2021,0.054912001,0.057985999,0.054747999,0.057704002,513,USD
ApeCoin,01/08/2021,0.057718001,0.059422001,0.057082999,0.057482,201,USD
ApeCoin,02/08/2021,0.057482,0.058006998,0.056458,0.057170998,220,USD
ApeCoin,03/08/2021,0.057139002,0.057668999,0.049263,0.050579999,843,USD
ApeCoin,04/08/2021,0.050569002,0.053335998,0.050012998,0.052882999,906,USD
ApeCoin,05/08/2021,0.052886002,0.056295,0.051029,0.054200001,973,USD
ApeCoin,06/08/2021,0.054159999,0.057906002,0.053794,0.056812,1191,USD
ApeCoin,07/08/2021,0.056862,0.060729999,0.056740999,0.060547002,442,USD
ApeCoin,08/08/2021,0.060469002,0.061014999,0.058403,0.059050001,230,USD
ApeCoin,09/08/2021,0.059002999,0.061060999,0.056527998,0.057402,366,USD
ApeCoin,10/08/2021,0.05737,0.060791001,0.056635,0.060237002,338,USD
ApeCoin,11/08/2021,0.060219001,0.066297002,0.060105,0.063147001,512,USD
ApeCoin,12/08/2021,0.063155003,0.065232001,0.060621001,0.061857998,1019,USD
ApeCoin,13/08/2021,0.061889999,0.066575997,0.06168,0.06594,645,USD
ApeCoin,14/08/2021,0.066101998,0.068080999,0.065677002,0.066543996,157,USD
ApeCoin,15/08/2021,0.066471003,0.088088997,0.064381003,0.087656997,2702,USD
ApeCoin,16/08/2021,0.087849997,0.100396998,0.087673001,0.097464003,3262,USD
ApeCoin,17/08/2021,0.097430997,0.098728999,0.090622999,0.090689003,914,USD
ApeCoin,18/08/2021,0.090784997,0.093299001,0.087872997,0.091122001,643,USD
ApeCoin,19/08/2021,0.090940997,0.097350001,0.089170001,0.096741997,363,USD
ApeCoin,20/08/2021,0.096904002,0.106066003,0.094938003,0.105080001,374,USD
ApeCoin,21/08/2021,0.105186999,0.107415996,0.103454001,0.104583003,395,USD
ApeCoin,22/08/2021,0.104561999,0.107423998,0.101357996,0.103739999,77,USD
ApeCoin,23/08/2021,0.103776999,0.114951998,0.103242002,0.111557998,523,USD
ApeCoin,24/08/2021,0.111533001,0.111988999,0.094208002,0.095426001,3155,USD
ApeCoin,25/08/2021,0.094828002,0.101374999,0.094604999,0.100720003,2842,USD
ApeCoin,26/08/2021,0.100668997,0.103399999,0.097310998,0.099680997,183,USD
ApeCoin,27/08/2021,0.099569999,0.104974002,0.097035997,0.101952001,274,USD
ApeCoin,28/08/2021,0.101952001,0.104740001,0.101286002,0.103946999,433,USD
ApeCoin,29/08/2021,0.103946999,0.105617002,0.100483999,0.100746997,678,USD
ApeCoin,30/08/2021,0.100721002,0.101063997,0.093152002,0.093185998,1160,USD
ApeCoin,31/08/2021,0.093133003,0.095432997,0.092000999,0.093681,1339,USD
ApeCoin,01/09/2021,0.093667001,0.099772997,0.091642,0.099705003,560,USD
ApeCoin,02/09/2021,0.099795997,0.102485999,0.097112,0.097924002,144,USD
ApeCoin,03/09/2021,0.097902998,0.098554999,0.082373001,0.082739003,3012,USD
ApeCoin,04/09/2021,0.082993001,0.085633002,0.082310997,0.083593003,3076,USD
ApeCoin,05/09/2021,0.083585002,0.083908997,0.081849001,0.083795004,284,USD
ApeCoin,06/09/2021,0.083815999,0.084392004,0.080403998,0.080894001,526,USD
ApeCoin,07/09/2021,0.080927998,0.085670002,0.073406003,0.076201998,1398,USD
ApeCoin,08/09/2021,0.076234996,0.077624999,0.069934003,0.075015001,2162,USD
ApeCoin,09/09/2021,0.074188001,0.075668998,0.067860998,0.069514997,2188,USD
ApeCoin,10/09/2021,0.069509,0.072324,0.064170003,0.065008998,1610,USD
ApeCoin,11/09/2021,0.065029003,0.068678997,0.064884,0.066151999,811,USD
ApeCoin,12/09/2021,0.066171996,0.067836002,0.064158998,0.064929001,1612,USD
ApeCoin,13/09/2021,0.064934,0.065155998,0.060681,0.062293999,1286,USD
ApeCoin,14/09/2021,0.062283002,0.064264998,0.060915999,0.064264998,267,USD
ApeCoin,15/09/2021,0.064218998,0.068214998,0.063712999,0.067388996,296,USD
ApeCoin,16/09/2021,0.067408003,0.068337999,0.065846004,0.066991001,88,USD
ApeCoin,17/09/2021,0.067028999,0.070417002,0.065995,0.066471003,525,USD
ApeCoin,18/09/2021,0.066436999,0.070478998,0.064926997,0.068786003,914,USD
ApeCoin,19/09/2021,0.068792,0.070220999,0.067562997,0.068006001,468,USD
ApeCoin,20/09/2021,0.067810997,0.067929,0.059893001,0.060469002,34,USD
ApeCoin,21/09/2021,0.060392998,0.061845999,0.056662001,0.056839999,255,USD
ApeCoin,22/09/2021,0.056821,0.060153,0.055665001,0.057939,1369,USD
ApeCoin,23/09/2021,0.057960998,0.062786996,0.056722999,0.062680997,1444,USD
ApeCoin,24/09/2021,0.062659003,0.063763998,0.056467999,0.059493002,897,USD
ApeCoin,25/09/2021,0.059547,0.060424,0.057658002,0.059055001,643,USD
ApeCoin,26/09/2021,0.059028,0.059028,0.052774001,0.056752998,479,USD
ApeCoin,27/09/2021,0.056775,0.058848001,0.055608999,0.055656001,422,USD
ApeCoin,28/09/2021,0.055665001,0.057363,0.035987001,0.036091,3649,USD
ApeCoin,29/09/2021,0.036059,0.040291999,0.035974,0.039468002,4208,USD
ApeCoin,30/09/2021,0.039450001,0.042098001,0.039315999,0.041940998,379,USD
ApeCoin,01/10/2021,0.041951999,0.049389999,0.041599002,0.048757002,696,USD
ApeCoin,02/10/2021,0.048769999,0.049814001,0.043313,0.043393999,1580,USD
ApeCoin,03/10/2021,0.043418001,0.043894999,0.036495,0.037335999,2484,USD
ApeCoin,04/10/2021,0.037326001,0.038254,0.035794001,0.036123998,1833,USD
ApeCoin,05/10/2021,0.036134001,0.037645999,0.036060002,0.037610002,468,USD
ApeCoin,06/10/2021,0.037604999,0.037624002,0.035326999,0.037080999,61,USD
ApeCoin,07/10/2021,0.037103999,0.038389001,0.035232,0.035360001,371,USD
ApeCoin,08/10/2021,0.035362002,0.035585999,0.033181999,0.033287,436,USD
ApeCoin,09/10/2021,0.033293001,0.037287001,0.033240002,0.036943,501,USD
ApeCoin,10/10/2021,0.036952998,0.037131999,0.035501,0.035613999,658,USD
ApeCoin,11/10/2021,0.035565998,0.037106998,0.033491001,0.034056999,572,USD
ApeCoin,12/10/2021,0.034021001,0.036417998,0.032538999,0.036350999,273,USD
ApeCoin,13/10/2021,0.036401,0.038874,0.036191002,0.038802002,0,USD
ApeCoin,14/10/2021,0.038823999,0.039855,0.037625998,0.037974,230,USD
ApeCoin,15/10/2021,0.037978999,0.03822,0.036451001,0.037971999,308,USD
ApeCoin,16/10/2021,0.037955001,0.038633998,0.037128001,0.037422001,222,USD
ApeCoin,17/10/2021,0.037379999,0.037856001,0.036692001,0.037617002,147,USD
ApeCoin,18/10/2021,0.037613001,0.038794,0.037485,0.038715001,0,USD
ApeCoin,19/10/2021,0.038734,0.039793,0.038631,0.039037,27,USD
ApeCoin,20/10/2021,0.039053001,0.040454,0.038394999,0.039728001,269,USD
ApeCoin,21/10/2021,0.039763,0.041924998,0.038594,0.041398,910,USD
ApeCoin,22/10/2021,0.041347001,0.043636002,0.041189998,0.041556001,964,USD
ApeCoin,23/10/2021,0.041545998,0.041820999,0.040544,0.041386999,395,USD
ApeCoin,24/10/2021,0.041370001,0.041528001,0.037987001,0.038049001,1436,USD
ApeCoin,25/10/2021,0.038054001,0.041652001,0.036221001,0.036295999,3604,USD
ApeCoin,26/10/2021,0.036293,0.036596,0.034058999,0.034184001,2663,USD
ApeCoin,27/10/2021,0.034162998,0.036899,0.032845002,0.033833999,1018,USD
ApeCoin,28/10/2021,0.033829,0.039064001,0.033755999,0.035785999,1608,USD
ApeCoin,29/10/2021,0.035778999,0.037351001,0.034329999,0.034403,1997,USD
ApeCoin,30/10/2021,0.034395002,0.035153002,0.031698,0.032019001,1663,USD
ApeCoin,31/10/2021,0.032019999,0.032474998,0.029859001,0.031636,1470,USD
ApeCoin,01/11/2021,0.031645,0.033337001,0.030158,0.033337001,3017,USD
ApeCoin,02/11/2021,0.033344999,0.035144001,0.032910001,0.032979,3172,USD
ApeCoin,03/11/2021,0.033025,0.048932999,0.031431999,0.048578002,7507,USD
ApeCoin,04/11/2021,0.048636999,0.093620002,0.042932998,0.079199001,86883,USD
ApeCoin,05/11/2021,0.079046004,0.140485004,0.071158998,0.113343999,131820,USD
ApeCoin,06/11/2021,0.113431998,0.114952996,0.068970002,0.087751999,84962,USD
ApeCoin,07/11/2021,0.087756999,0.091613002,0.080311999,0.083029002,21751,USD
ApeCoin,08/11/2021,0.083074003,0.095547996,0.07999,0.085166998,5603,USD
ApeCoin,09/11/2021,0.085175,0.08608,0.082739003,0.083425,4858,USD
ApeCoin,10/11/2021,0.083278999,0.084820002,0.060199,0.061549999,3579,USD
ApeCoin,11/11/2021,0.061615001,0.063183002,0.057741001,0.060233001,3700,USD
ApeCoin,12/11/2021,0.060251001,0.060793001,0.056774002,0.058947001,1534,USD
ApeCoin,13/11/2021,0.059011001,0.067737997,0.058669999,0.066441,1203,USD
ApeCoin,14/11/2021,0.066443004,0.067419998,0.061163001,0.061430998,1355,USD
ApeCoin,15/11/2021,0.061422002,0.06208,0.058589,0.059335999,1078,USD
ApeCoin,16/11/2021,0.059259001,0.059478998,0.054455001,0.059147,1170,USD
ApeCoin,17/11/2021,0.059149999,0.060035001,0.046695001,0.046959002,1861,USD
ApeCoin,18/11/2021,0.046939,0.048565999,0.044367,0.046021,1470,USD
ApeCoin,19/11/2021,0.04614,0.053596999,0.046027999,0.052664001,655,USD
ApeCoin,20/11/2021,0.052687,0.061377998,0.048891999,0.051123999,3928,USD
ApeCoin,21/11/2021,0.051084999,0.054067999,0.048997,0.053332001,4090,USD
ApeCoin,22/11/2021,0.053300001,0.061186001,0.051475,0.060858,1542,USD
ApeCoin,23/11/2021,0.060867999,0.062822998,0.055117998,0.059555002,3459,USD
ApeCoin,24/11/2021,0.059535999,0.059779,0.054106999,0.058696002,2408,USD
ApeCoin,25/11/2021,0.054414,0.058469001,0.053027999,0.056426,964,USD
ApeCoin,26/11/2021,0.053615998,0.054892998,0.047348998,0.047363002,1301,USD
ApeCoin,27/11/2021,0.047334999,0.048606001,0.041110002,0.041188002,1920,USD
ApeCoin,28/11/2021,0.041191,0.042052999,0.039609,0.041933998,1304,USD
ApeCoin,29/11/2021,0.041928001,0.043540001,0.041582,0.042980999,229,USD
ApeCoin,30/11/2021,0.042969,0.046946,0.041590001,0.044018999,1269,USD
ApeCoin,01/12/2021,0.043949001,0.046542998,0.042307999,0.044704001,2301,USD
ApeCoin,02/12/2021,0.044640999,0.045178998,0.042780999,0.043664001,147,USD
ApeCoin,03/12/2021,0.043644,0.043940999,0.040548999,0.041522998,85,USD
ApeCoin,04/12/2021,0.041533999,0.043345999,0.037486002,0.041088998,591,USD
ApeCoin,05/12/2021,0.041108001,0.042559002,0.038842,0.039188001,950,USD
ApeCoin,06/12/2021,0.039257001,0.041480999,0.037588999,0.041143,542,USD
ApeCoin,07/12/2021,0.041189,0.044548001,0.040713001,0.043341,234,USD
ApeCoin,08/12/2021,0.043419,0.044410001,0.040219001,0.041843999,278,USD
ApeCoin,09/12/2021,0.041765001,0.043221999,0.038690001,0.039190002,402,USD
ApeCoin,10/12/2021,0.039117001,0.039875999,0.037622001,0.037622001,277,USD
ApeCoin,11/12/2021,0.03757,0.039271001,0.034828998,0.035847001,1088,USD
ApeCoin,12/12/2021,0.035838999,0.036506999,0.035629001,0.036311001,997,USD
ApeCoin,13/12/2021,0.036297999,0.036426999,0.032859001,0.033245999,0,USD
ApeCoin,14/12/2021,0.033236001,0.036196001,0.032513998,0.033479001,0,USD
ApeCoin,15/12/2021,0.033479001,0.036196001,0.032108001,0.033962,41,USD
ApeCoin,16/12/2021,0.033973001,0.034309998,0.033280998,0.033282001,88,USD
ApeCoin,17/12/2021,0.03328,0.033876002,0.032496002,0.033298001,48,USD
ApeCoin,18/12/2021,0.033303998,0.034008,0.032779999,0.033822,0,USD
ApeCoin,19/12/2021,0.033826001,0.034272999,0.030325999,0.030325999,510,USD
ApeCoin,20/12/2021,0.030315001,0.030491,0.028965,0.029138001,1062,USD
ApeCoin,21/12/2021,0.029154999,0.029763,0.028886,0.029658001,704,USD
ApeCoin,22/12/2021,0.029633,0.032412,0.029518001,0.03201,529,USD
ApeCoin,23/12/2021,0.032015,0.033831999,0.03176,0.033583,573,USD
ApeCoin,24/12/2021,0.033608999,0.034366999,0.033273999,0.033815999,249,USD
ApeCoin,25/12/2021,0.033739999,0.034309,0.033666998,0.034061,103,USD
ApeCoin,26/12/2021,0.034116998,0.034203999,0.033518001,0.034047998,18,USD
ApeCoin,27/12/2021,0.034001,0.035923999,0.033840999,0.035526,193,USD
ApeCoin,28/12/2021,0.03548,0.035493001,0.033362001,0.033746999,249,USD
ApeCoin,29/12/2021,0.033654001,0.033983,0.031293999,0.031318001,246,USD
ApeCoin,30/12/2021,0.031350002,0.031794999,0.030869,0.031659,419,USD
ApeCoin,31/12/2021,0.031615,0.032253999,0.031021999,0.032136999,248,USD
ApeCoin,01/01/2022,0.032136999,0.033070002,0.031938002,0.033020999,68,USD
ApeCoin,02/01/2022,0.033020999,0.033240002,0.032504998,0.033103,93,USD
ApeCoin,03/01/2022,0.033103,0.033177,0.030761,0.030884,495,USD
ApeCoin,04/01/2022,0.030884,0.031358,0.030339001,0.030788001,478,USD
ApeCoin,05/01/2022,0.030788001,0.035494,0.030244,0.032450002,1186,USD
ApeCoin,06/01/2022,0.032450002,0.033824001,0.031550001,0.032706,2592,USD
ApeCoin,07/01/2022,0.032706,0.032894,0.031404,0.031709,1579,USD
ApeCoin,08/01/2022,0.031709,0.032660998,0.028968999,0.030968999,427,USD
ApeCoin,09/01/2022,0.030968999,0.033248,0.030908,0.032724001,749,USD
ApeCoin,10/01/2022,0.032724001,0.033284999,0.028055999,0.028965,854,USD
ApeCoin,11/01/2022,0.028965,0.033585999,0.028791999,0.033576999,790,USD
ApeCoin,12/01/2022,0.033576999,0.035666,0.033179,0.035587002,470,USD
ApeCoin,13/01/2022,0.035587002,0.035668001,0.034244001,0.034770999,60,USD
ApeCoin,14/01/2022,0.034770999,0.035767,0.034251001,0.035505001,27,USD
ApeCoin,15/01/2022,0.035505001,0.036430001,0.035208002,0.035826001,43,USD
ApeCoin,16/01/2022,0.035826001,0.035863999,0.033532001,0.035234001,445,USD
ApeCoin,17/01/2022,0.035234001,0.035378002,0.033624001,0.034162998,496,USD
ApeCoin,18/01/2022,0.034162998,0.034426998,0.031587999,0.032552,275,USD
ApeCoin,19/01/2022,0.032552,0.032729998,0.031390999,0.032021999,184,USD
ApeCoin,20/01/2022,0.032021999,0.032021999,0.028749,0.028749,272,USD
ApeCoin,21/01/2022,0.028749,0.028976001,0.02389,0.024121,917,USD
ApeCoin,22/01/2022,0.024121,0.024560001,0.021473,0.022729,859,USD
ApeCoin,23/01/2022,0.022729,0.024684999,0.022684,0.024298999,309,USD
ApeCoin,24/01/2022,0.024298999,0.024305001,0.020252001,0.022298001,220,USD
ApeCoin,25/01/2022,0.022298001,0.023202,0.02148,0.023073999,159,USD
ApeCoin,26/01/2022,0.023073999,0.02318,0.023073999,0.02318,0,USD
ApeCoin,27/01/2022,0.02318,0.02318,0.018890001,0.018962,920,USD
ApeCoin,28/01/2022,0.018962,0.019151,0.018329,0.018684,910,USD
ApeCoin,29/01/2022,0.018684,0.01919,0.018441999,0.0188,0,USD
ApeCoin,30/01/2022,0.0188,0.019154999,0.018421,0.018657001,88,USD
ApeCoin,31/01/2022,0.018657001,0.019507,0.018201999,0.018959001,222,USD
ApeCoin,01/02/2022,0.018959001,0.019516001,0.018959001,0.019383,193,USD
ApeCoin,02/02/2022,0.019383,0.019543,0.018606,0.018655,60,USD
ApeCoin,03/02/2022,0.018655,0.018815,0.018246001,0.018745,7,USD
ApeCoin,04/02/2022,0.018745,0.020076999,0.018743999,0.019626999,170,USD
ApeCoin,05/02/2022,0.019626999,0.021552,0.019552,0.020825,226,USD
ApeCoin,06/02/2022,0.020825,0.021155,0.020469001,0.021049,50,USD
ApeCoin,07/02/2022,0.021049,0.021873999,0.021049,0.021777,8,USD
ApeCoin,08/02/2022,0.021777,0.022260999,0.020129001,0.020265,58,USD
ApeCoin,09/02/2022,0.020265,0.021183001,0.020163,0.020919001,80,USD
ApeCoin,10/02/2022,0.020919001,0.021507001,0.020328,0.020746,35,USD
ApeCoin,11/02/2022,0.020746,0.020919999,0.020034,0.020345001,214,USD
ApeCoin,12/02/2022,0.020345001,0.021751,0.020086,0.021472,442,USD
ApeCoin,13/02/2022,0.021472,0.021779001,0.021042001,0.021051999,252,USD
ApeCoin,14/02/2022,0.021051999,0.023412,0.02069,0.023282999,1589,USD
ApeCoin,15/02/2022,0.023282999,0.025412001,0.023282999,0.025023,3372,USD
ApeCoin,16/02/2022,0.025023,0.025023,0.021009,0.022190999,1674,USD
ApeCoin,17/02/2022,0.022190999,0.022931,0.021500999,0.021615,1675,USD
ApeCoin,18/02/2022,0.021615,0.022136999,0.021196,0.021724001,189,USD
ApeCoin,19/02/2022,0.021724001,0.022833001,0.021362999,0.022761,256,USD
ApeCoin,20/02/2022,0.022761,0.022761,0.021314999,0.021632999,156,USD
ApeCoin,21/02/2022,0.021632999,0.021667,0.019393001,0.019424001,119,USD
ApeCoin,22/02/2022,0.019424001,0.020328,0.01902,0.020328,125,USD
ApeCoin,23/02/2022,0.020328,0.020328,0.020323999,0.020323999,0,USD
ApeCoin,24/02/2022,0.020323999,0.020323999,0.017723,0.01973,5,USD
ApeCoin,25/02/2022,0.01973,0.022671999,0.019691,0.022120001,558,USD
ApeCoin,26/02/2022,0.022120001,0.022778001,0.021822,0.021833999,574,USD
ApeCoin,27/02/2022,0.021833999,0.022372,0.021079,0.021160999,16,USD
ApeCoin,28/02/2022,0.021160999,0.021219,0.021160999,0.021219,0,USD
ApeCoin,01/03/2022,0.021219,0.024181999,0.021219,0.024134001,92,USD
ApeCoin,02/03/2022,0.024134001,0.024591001,0.02393,0.024180001,93,USD
ApeCoin,03/03/2022,0.024180001,0.024236999,0.022369999,0.022606,238,USD
ApeCoin,04/03/2022,0.022606,0.022705,0.021237001,0.021413,304,USD
ApeCoin,05/03/2022,0.021413,0.022429001,0.020954,0.022247,94,USD
ApeCoin,06/03/2022,0.022247,0.022500001,0.021501999,0.02156,103,USD
ApeCoin,07/03/2022,0.02156,0.022144999,0.020740001,0.021702001,115,USD
ApeCoin,08/03/2022,0.021702001,0.022056,0.021485999,0.021748001,20,USD
ApeCoin,09/03/2022,0.021748001,0.023426,0.021697,0.023089999,128,USD
ApeCoin,10/03/2022,0.023089999,0.02317,0.02139,0.021826001,121,USD
ApeCoin,11/03/2022,0.021826001,0.023398001,0.021825001,0.023063,272,USD
ApeCoin,12/03/2022,0.023063,0.023549,0.022939,0.023126001,275,USD
ApeCoin,13/03/2022,0.023126001,0.023535,0.022476999,0.022476999,18,USD
ApeCoin,14/03/2022,0.022476999,0.060281999,0.022476999,0.060132001,25008,USD
ApeCoin,15/03/2022,0.060132001,0.188687995,0.060132001,0.169425994,153112,USD
ApeCoin,16/03/2022,0.169425994,0.519357026,0.142616004,0.25614199,579277,USD
ApeCoin,17/03/2022,0.25614199,0.674771011,0.04868,0.060325999,1537085,USD
ApeCoin,18/03/2022,0.060325999,0.096680999,0.050510999,0.087235004,1162345,USD
ApeCoin,19/03/2022,0.087235004,0.089287996,0.061480999,0.074928001,95576,USD
ApeCoin,20/03/2022,0.074928001,0.075173996,0.048937999,0.063359998,33913,USD
ApeCoin,21/03/2022,0.063359998,0.064329997,0.051259,0.051300999,18957,USD
ApeCoin,22/03/2022,0.051300999,0.053458001,0.043437,0.043543,13180,USD
ApeCoin,23/03/2022,0.043543,0.046751,0.040828999,0.043618999,11055,USD
ApeCoin,24/03/2022,0.043618999,0.045012999,0.041193999,0.043060999,7511,USD
ApeCoin,25/03/2022,0.043060999,0.044096,0.039282002,0.040057998,4651,USD
ApeCoin,26/03/2022,0.040057998,0.04126,0.036905002,0.038729999,2115,USD
ApeCoin,27/03/2022,0.038729999,0.04183,0.035420999,0.035704002,4301,USD
ApeCoin,28/03/2022,0.035704002,0.038284998,0.029355001,0.029355001,9425,USD
ApeCoin,29/03/2022,0.029355001,0.029972,0.028915999,0.029453,6661,USD
ApeCoin,30/03/2022,0.029453,0.036387999,0.028511001,0.034263,2890,USD
ApeCoin,31/03/2022,0.034263,0.037397001,0.032715999,0.03365,3601,USD
ApeCoin,01/04/2022,0.03365,0.034527998,0.032825999,0.033861,2686,USD
ApeCoin,02/04/2022,0.033861,0.035486002,0.033617999,0.035126999,1819,USD
ApeCoin,03/04/2022,0.035128001,0.041428,0.034688,0.035101,3490,USD
ApeCoin,04/04/2022,0.035101,0.036215,0.034143999,0.034476999,3333,USD
ApeCoin,05/04/2022,0.034476999,0.035218,0.032844,0.032844,889,USD
ApeCoin,06/04/2022,0.032844,0.034058999,0.031330999,0.031385001,732,USD
ApeCoin,07/04/2022,0.031385001,0.032317001,0.031097,0.031284999,631,USD
ApeCoin,08/04/2022,0.031284999,0.031667002,0.029266,0.029361,743,USD
ApeCoin,09/04/2022,0.029361,0.030871,0.028827,0.029366,1102,USD
ApeCoin,10/04/2022,0.029366,0.029696999,0.028747,0.028787,638,USD
ApeCoin,11/04/2022,0.028787,0.029403999,0.027099,0.027109001,292,USD
ApeCoin,12/04/2022,0.027109001,0.032005999,0.026417,0.031629998,1995,USD
ApeCoin,13/04/2022,0.031629998,0.032474998,0.031369999,0.031957,1993,USD
ApeCoin,14/04/2022,0.031957,0.032244999,0.029344,0.030875999,914,USD
ApeCoin,15/04/2022,0.030875999,0.031296998,0.028956,0.029038999,1053,USD
ApeCoin,16/04/2022,0.029038999,0.029565001,0.028382,0.028678,557,USD
ApeCoin,17/04/2022,0.028678,0.028912,0.027788,0.027824,337,USD
ApeCoin,18/04/2022,0.027824,0.029371999,0.027192,0.029289,329,USD
ApeCoin,19/04/2022,0.029289,0.029536,0.027086001,0.027301,597,USD
ApeCoin,20/04/2022,0.027301,0.028419999,0.026947999,0.028361,789,USD
ApeCoin,21/04/2022,0.028361,0.028912,0.026391,0.026675999,840,USD
ApeCoin,22/04/2022,0.026675999,0.027148999,0.026141001,0.026686,493,USD
ApeCoin,23/04/2022,0.026686,0.032512002,0.02609,0.029453,5341,USD
ApeCoin,24/04/2022,0.029453,0.029824,0.028323,0.028787,5650,USD
ApeCoin,25/04/2022,0.028787,0.028919,0.026582999,0.026735,1001,USD
ApeCoin,26/04/2022,0.026735,0.026874,0.024232,0.024504,951,USD
ApeCoin,27/04/2022,0.024504,0.024889,0.023063,0.023259001,613,USD
ApeCoin,28/04/2022,0.023259001,0.024212999,0.023149,0.023518,726,USD
ApeCoin,29/04/2022,0.023518,0.024083,0.022817001,0.022983,1180,USD
ApeCoin,30/04/2022,0.022983,0.023355,0.020710999,0.020799,1441,USD
ApeCoin,01/05/2022,0.020799,0.02297,0.019223001,0.02289,2534,USD
ApeCoin,02/05/2022,0.02289,0.023482,0.020845,0.021013999,2322,USD
ApeCoin,03/05/2022,0.021013999,0.021237999,0.020509001,0.020684,957,USD
ApeCoin,04/05/2022,0.020684,0.025483999,0.020421,0.023105999,7961,USD
ApeCoin,05/05/2022,0.023105999,0.023964001,0.020547999,0.020880001,7358,USD
ApeCoin,06/05/2022,0.020880001,0.021699,0.0206,0.021546001,406,USD
ApeCoin,07/05/2022,0.021546001,0.021636,0.020476,0.020773999,131,USD
ApeCoin,08/05/2022,0.020773999,0.020773999,0.017888,0.018084001,888,USD
ApeCoin,09/05/2022,0.018189259,0.018282786,0.016022123,0.016174709,1340,USD
